palabra,idioma
euskal,euskara
herriko,euskara
historiaeuropakoherrialde,euskara
horrenhistoria,euskara
herri,euskara
historiko,euskara
etaeuskal,euskara
herriabizi,euskara
izandako,euskara
eguneuskaldunizan,euskara
edo,euskara
euskal,euskara
herriaeuskaldunenetaeuskararenlurraldea,euskara
mendebaldean,euskara
muga,euskara
egiten,euskara
duen,euskara
etabizkaiko,euskara
golkorantzzabaltzen,euskara
euskal,euskara
herriko,euskara
bere,euskara
kokapen,euskara
geografikoaren,euskara
eta,euskara
inguruko,euskara
herrialdeen,euskara
eragina,euskara
jasan,euskara
euskal,euskara
herria,euskara
kontzeptu,euskara
politiko,euskara
modernoa,euskara
bada,euskara
euskaldunak,euskara
milaka,euskara
urtez,euskara
inguruko,euskara
lurraldean,euskara
egon,euskara
ikerlari,euskara
batzuen,euskara
arabera,euskara
euskara,euskara
paleolitoko,euskara
aterpe,euskara
hizkuntza,euskara
beste,euskara
batzuen,euskara
araberamesolitoaniritsi,euskara
ziren,euskara
lehen,euskara
nekazariak,euskara
ziren,euskara
lehen,euskara
berantiardeitzen,euskara
den,euskara
teoriaren,euskara
herriko,euskara
gaur,euskara
egungo,euskara
lurrak,euskara
beranduago,euskara
okupatu,euskara
dena,euskara
delakoa,euskara
euskal,euskara
herrian,euskara
gizakiak,euskara
bizi,euskara
izan,euskara
dira,euskara
etaneanderthalgo,euskara
gizakiarenpresentzia,euskara
handia,euskara
izan,euskara
dela,euskara
urtera,euskara
luzatzen,euskara
den,euskara
aldia,euskara
garai,euskara
honetan,euskara
euskal,euskara
herrianatxeliar,euskara
kulturagaratu,euskara
zen,euskara
etaneanderthalgo,euskara
gizakiabizi,euskara
garai,euskara
honetan,euskara
ez,euskara
da,euskara
aurkitu,euskara
bai,euskara
hainbat,euskara
harri,euskara
zein,euskara
egur,euskara
batzuetatik,euskara
aztarna,euskara
aurkitu,euskara
batez,euskara
ere,euskara
kobazuloak,euskara
erabiltzen,euskara
ziren,euskara
kobazulo,euskara
hauetatik,euskara
gertu,euskara
beharrezkoak,euskara
ziren,euskara
gauza,euskara
guztiak,euskara
egon,euskara
behar,euskara
euskal,euskara
herritik,euskara
gertuko,euskara
lekuetanhomo,euskara
antecessorren,euskara
hezurrak,euskara
aurkitu,euskara
batez,euskara
bertan,euskara
aurkitutako,euskara
hezurrez,euskara
gainbifazaketa,euskara
antzeko,euskara
tresnak,euskara
aurkitu,euskara
dira,euskara
eta,euskara
hauek,euskara
ere,euskara
euskal,euskara
herrian,euskara
aurkitutako,euskara
aztarnategirik,euskara
orain,euskara
dela,euskara
urtetik,euskara
orain,euskara
dela,euskara
aztarna,euskara
ugari,euskara
aurkitu,euskara
guztiak,euskara
neanderthalari,euskara
garai,euskara
hartako,euskara
gizakiak,euskara
biltzaileak,euskara
eta,euskara
ehiztariak,euskara
ziren,euskara
eta,euskara
lehenengo,euskara
aldiz,euskara
euren,euskara
hildakoak,euskara
lurperatzen,euskara
dira,euskara
euskal,euskara
herriko,euskara
hezurrik,euskara
garai,euskara
honetan,euskara
landarez,euskara
eginiko,euskara
janzkerak,euskara
erabiltzen,euskara
eta,euskara
animalien,euskara
tendoiak,euskara
eta,euskara
ileak,euskara
gehiago,euskara
erabiltzen,euskara
honek,euskara
ehizaren,euskara
gehikuntza,euskara
egon,euskara
zela,euskara
adieraz,euskara
aztarnategi,euskara
gehienak,euskara
ibaien,euskara
inguruan,euskara
urak,euskara
garrantzi,euskara
handia,euskara
aurkitutako,euskara
aztarnategi,euskara
garrantzitsuenak,euskara
hauek,euskara
garrantzi,euskara
pixka,euskara
bat,euskara
txikiagoarekin,euskara
garai,euskara
dela,euskara
urtetik,euskara
bainaeuskal,euskara
herrianpixka,euskara
bat,euskara
luzatu,euskara
neanderthaleko,euskara
gizakiahomo,euskara
sapiensarengatik,euskara
aldatu,euskara
gaur,euskara
egungo,euskara
euskal,euskara
herrian,euskara
pertsonako,euskara
taldez,euskara
osatutako,euskara
leinuak,euskara
bizi,euskara
kobazulo,euskara
txikiagoetan,euskara
eta,euskara
askotan,euskara
lautadatan,euskara
garai,euskara
hau,euskara
oso,euskara
hotza,euskara
izan,euskara
azkeneko,euskara
glaziazioarekin,euskara
itsasoa,euskara
gaur,euskara
baino,euskara
metro,euskara
beherago,euskara
garai,euskara
honetan,euskara
hilobiratzeak,euskara
eta,euskara
musika,euskara
bezalako,euskara
portaera,euskara
sinbolikoak,euskara
agertu,euskara
garai,euskara
honetan,euskara
aztarnategi,euskara
ugari,euskara
baina,euskara
garrantzitsuenak,euskara
azken,euskara
urteotan,euskara
beste,euskara
kobazulo,euskara
askotan,euskara
aurkitu,euskara
dira,euskara
giza,euskara
okupazioaren,euskara
paleolitoaren,euskara
azken,euskara
euskal,euskara
herrian,euskara
orain,euskara
dela,euskara
urtetik,euskara
urtera,euskara
doan,euskara
epea,euskara
epe,euskara
honetan,euskara
hobekuntza,euskara
klimatiko,euskara
handia,euskara
egon,euskara
zen,euskara
eta,euskara
horregatikkobazuloetatiklautadetara,euskara
bizitzera,euskara
joateko,euskara
aukera,euskara
zabaldu,euskara
garai,euskara
honetan,euskara
jantziak,euskara
animalia,euskara
larruekin,euskara
eta,euskara
landareekin,euskara
egiten,euskara
jada,euskara
botoi,euskara
eta,euskara
garai,euskara
honetan,euskara
galdu,euskara
zen,euskara
eta,euskara
arte,euskara
eroangarria,euskara
hala,euskara
ere,euskara
hilobiratze,euskara
sinbolikoak,euskara
geroz,euskara
eta,euskara
ugariagoak,euskara
dira,euskara
eta,euskara
honek,euskara
beste,euskara
mundu,euskara
baten,euskara
sineskera,euskara
egon,euskara
daitekeela,euskara
esan,euskara
nahi,euskara
aztarnategi,euskara
garrantzitsuenen,euskara
arteanantton,euskara
milurtekoaniritsi,euskara
zen,euskara
euskal,euskara
balitekezelteninbasio,euskara
batekin,euskara
batera,euskara
heldu,euskara
garai,euskara
honetan,euskara
antzinakoilargiaetamarirengurtza,euskara
alde,euskara
batera,euskara
utzi,euskara
zen,euskara
etaeguzkiaetaurtzipertsonaiak,euskara
agertu,euskara
ziren,euskara
neolitoaren,euskara
ezaugarria,euskara
lehenengo,euskara
aldiznekazaritzaetaabeltzaintzaagertzea,euskara
izan,euskara
euskal,euskara
agertu,euskara
ziren,euskara
bi,euskara
bizimodu,euskara
horien,euskara
agerpenarekin,euskara
jendartea,euskara
bi,euskara
zatitan,euskara
banatu,euskara
mendietan,euskara
abeltzainak,euskara
bizi,euskara
batez,euskara
ere,euskara
lur,euskara
komunaletan,euskara
oinarritzen,euskara
beste,euskara
jabetza,euskara
pribatuan,euskara
etasedentarismoanoinarritzen,euskara
horrekin,euskara
bi,euskara
kultura,euskara
bereizi,euskara
alde,euskara
hasiera,euskara
bateantrikuharriekineta,euskara
bestetik,euskara
lehenengo,euskara
herriak,euskara
sortu,euskara
etxebizitza,euskara
aztarnategi,euskara
nagusienak,euskara
hauek,euskara
non,euskara
orain,euskara
dela,euskara
urteko,euskara
nekazaritza,euskara
aztarna,euskara
aurkitu,euskara
zen,euskara
ezagutzen,euskara
den,euskara
edolos,euskara
horretaz,euskara
gain,euskara
ehunka,euskara
trikuharri,euskara
eta,euskara
bestelakoak,euskara
daude,euskara
euskal,euskara
batez,euskara
erepirinioaldean,euskara
beste,euskara
lautadetan,euskara
beste,euskara
metal,euskara
batzuekin,euskara
batera,euskara
ez,euskara
zen,euskara
hasi,euskara
euskal,euskara
metalgintzaren,euskara
hasierarekin,euskara
lehenengo,euskara
leku,euskara
finko,euskara
urbanoak,euskara
sortu,euskara
eta,euskara
horietan,euskara
garrantzi,euskara
handikoa,euskara
daarabandagoenla,euskara
baliteke,euskara
hauportugaletaokzitaniarenarteko,euskara
elkartrukea,euskara
bideratzen,euskara
zuen,euskara
zentro,euskara
bat,euskara
hala,euskara
ere,euskara
oraindik,euskara
ere,euskara
kobazuloak,euskara
erabiltzen,euskara
jarraitu,euskara
neolitotik,euskara
zetorren,euskara
dekorazio,euskara
gabeko,euskara
zeramikak,euskara
oraindik,euskara
jarraitu,euskara
zuen,euskara
harik,euskara
etakanpai,euskara
erako,euskara
koparen,euskara
kulturairitsi,euskara
zen,euskara
batez,euskara
ereebrobailaran,euskara
ezarri,euskara
brontze,euskara
aroa,euskara
arte,euskara
oraindik,euskara
eremegalitoeneraikuntzak,euskara
jarraitu,euskara
akitanianartenaziar,euskara
kulturarenpresentzia,euskara
egon,euskara
zen,euskara
kultura,euskara
berri,euskara
brontze,euskara
aro,euskara
berantiarreanhego,euskara
euskal,euskara
herrianabeltzaintzakocogotas,euskara
i,euskara
kulturairitsi,euskara
brontze,euskara
aro,euskara
amaieran,euskara
eta,euskara
burdin,euskara
aroa,euskara
hasierankutxa,euskara
zelaien,euskara
kulturaebrotikgora,euskara
zabaldu,euskara
zen,euskara
eta,euskara
kulturaezarri,euskara
zen,euskara
euskal,euskara
burdinazko,euskara
tresnak,euskara
eta,euskara
armak,euskara
agertzen,euskara
dira,euskara
eta,euskara
harrizkoak,euskara
zein,euskara
brontzezkoak,euskara
ordezkatzen,euskara
dituzte,euskara
neurri,euskara
handi,euskara
aztarnategietan,euskara
ikusten,euskara
da,euskara
lur,euskara
eremu,euskara
zabalak,euskara
utzi,euskara
eta,euskara
gune,euskara
garaietara,euskara
joen,euskara
zirela,euskara
badirudi,euskara
arrazoi,euskara
nagusia,euskara
defentsa,euskara
beharra,euskara
izan,euskara
bizitokiak,euskara
harresiak,euskara
izaten,euskara
lurrezkoak,euskara
edo,euskara
eremu,euskara
osoan,euskara
edo,euskara
amildegia,euskara
ez,euskara
dagoen,euskara
harresiaren,euskara
aldamenean,euskara
lubakia,euskara
ere,euskara
egiten,euskara
etxeak,euskara
lauki,euskara
formakoak,euskara
izan,euskara
ohi,euskara
epe,euskara
honetan,euskara
nekazaritzak,euskara
balioa,euskara
irabazi,euskara
zuen,euskara
abeltzaintzaren,euskara
garai,euskara
honetan,euskara
agertu,euskara
antzinako,euskara
erromagaur,euskara
egungoeuskal,euskara
herrirairitsi,euskara
hainbat,euskara
ziren,euskara
eremu,euskara
horretan,euskara
bizi,euskara
ziren,euskara
gorabehera,euskara
gaur,euskara
egungonafarroanbizi,euskara
gaur,euskara
egungobizkaikomendebaldeanautrigoiakbizi,euskara
etaebroibaiaren,euskara
hegoaldeanberoiakbizi,euskara
euskal,euskara
herrianeta,euskara
iparralderago,euskara
bizi,euskara
tentagarria,euskara
izan,euskara
badaiteke,euskara
bereizketa,euskara
horrek,euskara
ez,euskara
du,euskara
askoz,euskara
geroago,euskara
sortu,euskara
ikerketa,euskara
egiteko,euskara
bereizi,euskara
behar,euskara
dira,euskara
hizkuntzak,euskara
eta,euskara
baita,euskara
hiztunen,euskara
jatorri,euskara
historikoa,euskara
eta,euskara
gaur,euskara
egungo,euskara
hiztunena,euskara
egile,euskara
batzuen,euskara
leinu,euskara
horiek,euskara
guztiak,euskara
euskaldunak,euskara
toponimiak,euskara
eta,euskara
onomastikak,euskara
adierazten,euskara
duten,euskara
beste,euskara
ikerketa,euskara
batzuen,euskara
egoera,euskara
korapilotsuagoa,euskara
baina,euskara
ikerketa,euskara
batzuen,euskara
autrigoiak,euskara
ere,euskara
zeltak,euskara
zirela,euskara
uste,euskara
haien,euskara
hiri,euskara
dela,euskara
karistiarren,euskara
hiri,euskara
azken,euskara
honen,euskara
eta,euskara
beste,euskara
toponimoren,euskara
baina,euskara
ez,euskara
hainbat,euskara
ibairen,euskara
izenek,euskara
ere,euskara
etimologia,euskara
bera,euskara
barduliarrak,euskara
zer,euskara
ziren,euskara
eztabaidan,euskara
ziren,euskara
ez,euskara
dago,euskara
baina,euskara
euren,euskara
toponimoen,euskara
izenak,euskara
indoeuroparrak,euskara
etajulio,euskara
caro,euskara
barojarenarabera,euskara
izena,euskara
bera,euskara
ez,euskara
zen,euskara
azken,euskara
hiru,euskara
leinu,euskara
hauek,euskara
batzen,euskara
ziren,euskara
lekuaritrifiniumizena,euskara
jarri,euskara
gaur,euskara
bertan,euskara
gutxi,euskara
dira,euskara
euskal,euskara
jatorriko,euskara
talde,euskara
horiek,euskara
zeltak,euskara
edo,euskara
hizkuntza,euskara
zelta,euskara
baten,euskara
eragina,euskara
izan,euskara
ez,euskara
ziren,euskara
gaur,euskara
egungo,euskara
euskal,euskara
lurraldeetara,euskara
urtea,euskara
baino,euskara
lehen,euskara
hau,euskara
herri,euskara
horien,euskara
aurretik,euskara
eremu,euskara
horretan,euskara
euskararekin,euskara
harremana,euskara
zuen,euskara
hizkuntza,euskara
bat,euskara
hitz,euskara
egiten,euskara
zuten,euskara
biztanleak,euskara
izatea,euskara
aukera,euskara
bat,euskara
baskoien,euskara
eta,euskara
akitaniarren,euskara
izenetan,euskara
badago,euskara
euskarazko,euskara
baina,euskara
ez,euskara
oso,euskara
urriak,euskara
dira,euskara
euskarazko,euskara
toponimo,euskara
akitaniarrekin,euskara
harremana,euskara
zuen,euskara
besteeuskaltribu,euskara
bat,euskara
iakatarrak,euskara
euren,euskara
hiriburuajakanzegoen,euskara
eta,euskara
osca,euskara
eta,euskara
ilerda,euskara
hirietaraino,euskara
iritsi,euskara
ziren,euskara
garai,euskara
ez,euskara
dakigu,euskara
antzinako,euskara
erromako,euskara
historialariek,euskara
giza,euskara
talde,euskara
horiek,euskara
guztiak,euskara
zehaztasunez,euskara
deskribatu,euskara
ote,euskara
zituzten,euskara
eta,euskara
euren,euskara
hirien,euskara
izenak,euskara
eta,euskara
zuten,euskara
erlazioa,euskara
ondo,euskara
garai,euskara
erromatar,euskara
berantiarrean,euskara
autrigoien,euskara
lurraldea,euskara
agertzen,euskara
da,euskara
barduliarrak,euskara
eta,euskara
karistiarrak,euskara
inoiz,euskara
ez,euskara
horien,euskara
guztien,euskara
dira,euskara
baitaerromatar,euskara
inperioaren,euskara
gainbeherarenostean,euskara
mendetikaurreraerromatar,euskara
inperioagaizki,euskara
zegoen,euskara
batez,euskara
ere,euskara
germaniarren,euskara
menderajauntxo,euskara
handien,euskara
eta,euskara
erromatar,euskara
inperioaren,euskara
aurka,euskara
altxatu,euskara
ziren,euskara
galia,euskara
eta,euskara
hispaniako,euskara
probintzia,euskara
erromatarretako,euskara
eta,euskara
agintari,euskara
erromatarrek,euskara
ezarritako,euskara
zergak,euskara
ordaintzearen,euskara
aurka,euskara
asaldatu,euskara
ziren,euskara
baina,euskara
ez,euskara
zuten,euskara
arrakastarik,euskara
izan,euskara
eta,euskara
altxamendu,euskara
bakoitzean,euskara
zapaldu,euskara
egin,euskara
gertatu,euskara
ziren,euskara
bereziki,euskara
bagauden,euskara
pirinioen,euskara
bi,euskara
aldeetako,euskara
euskal,euskara
herrian,euskara
urte,euskara
askotan,euskara
iraun,euskara
zuen,euskara
urtean,euskara
hasi,euskara
amaiera,euskara
eman,euskara
zion,euskara
bagauden,euskara
matxinada,euskara
nagusia,euskara
mendearen,euskara
lehen,euskara
partean,euskara
izan,euskara
euskal,euskara
herriko,euskara
lurraldeetan,euskara
nahiz,euskara
mendeko,euskara
sartu,euskara
zirenean,euskara
erromatar,euskara
inperioa,euskara
gainbehera,euskara
eta,euskara
haien,euskara
aurkabisigodoakbidali,euskara
zituzten,euskara
era,euskara
egonezin,euskara
soziala,euskara
areagotu,euskara
egin,euskara
euskaldunak,euskara
beren,euskara
askatasunaren,euskara
alde,euskara
borrokatu,euskara
erromatarraren,euskara
erromatarren,euskara
aurka,euskara
galdu,euskara
zuten,euskara
bagaudek,euskara
aracaelin,euskara
nahiz,euskara
eta,euskara
ondoko,euskara
urteetan,euskara
militar,euskara
erromatar,euskara
nahiz,euskara
bisigodoekin,euskara
borrokan,euskara
jarraitu,euskara
behar,euskara
izan,euskara
bladastes,euskara
baskoien,euskara
kontrako,euskara
espedizio,euskara
bat,euskara
bidali,euskara
zuen,euskara
hori,euskara
ez,euskara
da,euskara
erromatarren,euskara
garaikoa,euskara
eremu,euskara
euskal,euskara
herri,euskara
guztiak,euskara
biltzen,euskara
dituen,euskara
errealitate,euskara
bat,euskara
aldi,euskara
erregebisigodoakerasoei,euskara
ekin,euskara
zien,euskara
baskoien,euskara
kontra,euskara
zadorra,euskara
baita,euskara
inguru,euskara
horretako,euskara
baskoiak,euskara
garaitu,euskara
egungogasteizenedo,euskara
dira,euskara
egungogersenedo,euskara
hurbil,euskara
une,euskara
horretan,euskara
frankoen,euskara
mende,euskara
une,euskara
baskoi,euskara
izenez,euskara
aipatzen,euskara
diren,euskara
herri,euskara
horiek,euskara
asaldatuta,euskara
eudonbaskoniako,euskara
dukea,euskara
iruñera,euskara
heldu,euskara
ziren,euskara
ipar,euskara
hortxe,euskara
baskoien,euskara
kontra,euskara
borrokan,euskara
izan,euskara
gailendu,euskara
jo,euskara
eta,euskara
baskoiek,euskara
haien,euskara
burukarlomagnoriegin,euskara
zioten,euskara
aurre,euskara
jaurerri,euskara
independenteasortu,euskara
nafarroako,euskara
erresumaren,euskara
enekoitz,euskara
nagusi,euskara
zituzten,euskara
qasiizena,euskara
hartu,euskara
banukasitarren,euskara
gainbehera,euskara
etorri,euskara
zen,euskara
haien,euskara
babesik,euskara
kordobako,euskara
kaliferriko,euskara
indarrakiruñea,euskara
arpilatzeraheldu,euskara
ziren,euskara
kanpaina,euskara
hurrengo,euskara
bi,euskara
mendeen,euskara
baskoniako,euskara
dukerriak,euskara
eta,euskara
iruñeko,euskara
erresumak,euskara
dinamika,euskara
autonomo,euskara
bat,euskara
eraman,euskara
etaantso,euskara
abarkarengaraian,euskara
nafarroak,euskara
eta,euskara
baskoniako,euskara
dukerriak,euskara
harremanak,euskara
estutu,euskara
bere,euskara
hedadura,euskara
handienera,euskara
eraman,euskara
zuen,euskara
iruñeko,euskara
erresuma,euskara
euskaldun,euskara
guztiak,euskara
biltzen,euskara
beste,euskara
hainbat,euskara
lurralderekin,euskara
iruñeko,euskara
erresumak,euskara
utzi,euskara
egin,euskara
zion,euskara
independenteki,euskara
gartzeitzsenideek,euskara
erail,euskara
iruñeko,euskara
erresuma,euskara
amaziga,euskara
aragoiko,euskara
erresuma,euskara
berriari,euskara
loturik,euskara
gelditu,euskara
urte,euskara
bidekokolonizazioa,euskara
hasi,euskara
arrotzfrankoentzakoburguberriak,euskara
sortu,euskara
ordu,euskara
artekomozarabiar,euskara
erritu,euskara
kristauaere,euskara
baztertua,euskara
izaten,euskara
ari,euskara
eta,euskara
erromako,euskara
erritu,euskara
berriak,euskara
ordezkatu,euskara
etazuberoairuñeko,euskara
erresumaren,euskara
inguruan,euskara
hazi,euskara
erromatar,euskara
boterearen,euskara
desagerpenetik,euskara
ezagun,euskara
egiten,euskara
zaizkigun,euskara
herrien,euskara
sorrerara,euskara
arte,euskara
hainbat,euskara
mende,euskara
igaro,euskara
zirela,euskara
ematen,euskara
aztarnategi,euskara
arkeologikoak,euskara
eragina,euskara
desagertu,euskara
eta,euskara
herri,euskara
gisa,euskara
biziraun,euskara
zuen,euskara
tarte,euskara
iruñeak,euskara
oraindik,euskara
boterea,euskara
mantendu,euskara
elizaren,euskara
instituzioak,euskara
bertan,euskara
errotu,euskara
baina,euskara
eraikin,euskara
bisigodo,euskara
batzuk,euskara
euskal,euskara
herriko,euskara
ez,euskara
dago,euskara
herri,euskara
gisa,euskara
har,euskara
daitekeenik,euskara
hasiera,euskara
euskal,euskara
lurraldeetan,euskara
hirien,euskara
sorrera,euskara
ez,euskara
da,euskara
erromatar,euskara
esparruko,euskara
beste,euskara
hainbat,euskara
lekutan,euskara
bezain,euskara
historiografia,euskara
klasikoan,euskara
herrien,euskara
nukleoakelizarensorrerari,euskara
lotuta,euskara
agertu,euskara
izan,euskara
baina,euskara
ikuspegi,euskara
hori,euskara
aldatu,euskara
da,euskara
azken,euskara
mendean,euskara
jada,euskara
hasi,euskara
zen,euskara
herrien,euskara
arteko,euskara
sarea,euskara
eta,euskara
ebidentea,euskara
izan,euskara
herrixkak,euskara
lehenago,euskara
ere,euskara
existituko,euskara
mendean,euskara
desagertutako,euskara
erromatar,euskara
lidertzatik,euskara
ez,euskara
zen,euskara
eratorri,euskara
lurraldea,euskara
kontrola,euskara
zezakeen,euskara
lidertza,euskara
berririk,euskara
mendean,euskara
sartu,euskara
ibarraren,euskara
kastro,euskara
eta,euskara
eliza,euskara
batzuen,euskara
inguruan,euskara
boterea,euskara
antolatu,euskara
zen,euskara
erdi,euskara
aroaren,euskara
baina,euskara
bere,euskara
iparraldeko,euskara
aldean,euskara
egituratu,euskara
gabekoa,euskara
zen,euskara
lurraldea,euskara
leku,euskara
askotan,euskara
eta,euskara
ikuspuntua,euskara
zalantza,euskara
jarri,euskara
du,euskara
ondare,euskara
epigrafikoa,euskara
kontuan,euskara
herriguneen,euskara
saretze,euskara
honek,euskara
lur,euskara
komunalen,euskara
antolaketa,euskara
ere,euskara
ekarriko,euskara
herri,euskara
bakoitzaren,euskara
behar,euskara
ekonomikoak,euskara
ez,euskara
ziren,euskara
eraikitzen,euskara
hasi,euskara
mendearen,euskara
hasierara,euskara
araban,euskara
ez,euskara
da,euskara
ezagutzen,euskara
elizarik,euskara
herria,euskara
baino,euskara
lehen,euskara
sortu,euskara
prozesua,euskara
ikusi,euskara
da,euskara
eta,euskara
aragoiko,euskara
erregeak,euskara
hegoalderako,euskara
zabalkunde,euskara
handia,euskara
hasi,euskara
etaebro,euskara
tuteraandalustarraazpiratu,euskara
errege,euskara
hori,euskara
lapurdi,euskara
nafarrentzat,euskara
berreskuratzen,euskara
ahalegindu,euskara
zen,euskara
baionari,euskara
urtebetez,euskara
setioa,euskara
jarrizgilen,euskara
baina,euskara
ez,euskara
zuen,euskara
lortu,euskara
hura,euskara
baiona,euskara
eta,euskara
lapurdiplantagenet,euskara
dinastiarengaskoiniansartuta,euskara
geratu,euskara
hiribildu,euskara
hori,euskara
garrantzitsu,euskara
ramiritzberrezarleak,euskara
iruñea,euskara
inguruko,euskara
jaunen,euskara
babesa,euskara
lortu,euskara
eta,euskara
aragoiko,euskara
erresumatik,euskara
banandu,euskara
alfontso,euskara
borrokalaria,euskara
erregeak,euskara
erresuma,euskara
oinordetzan,euskara
ordena,euskara
erlijiosoei,euskara
utzi,euskara
ez,euskara
zuen,euskara
erresuma,euskara
erromako,euskara
elizak,euskara
erregeoi,euskara
hori,euskara
aitortzen,euskara
ez,euskara
zien,euskara
haieidux,euskara
navarredeituz,euskara
areagotu,euskara
egin,euskara
zituen,euskara
nafarroako,euskara
lurraldea,euskara
okupatzeko,euskara
kanpainak,euskara
antso,euskara
jakituna,euskara
erregea,euskara
nafarroako,euskara
inoiz,euskara
errege,euskara
izendatzen,euskara
hasi,euskara
zen,euskara
bere,euskara
ez,euskara
ordu,euskara
arte,euskara
gaztelak,euskara
eta,euskara
nafarroaklondresko,euskara
laudoahitzartu,euskara
jakitunaklortu,euskara
zuenzelestino,euskara
santuak,euskara
antso,euskara
erregetzat,euskara
ofizialki,euskara
haustearen,euskara
truke,euskara
baina,euskara
erresuma,euskara
inbaditu,euskara
euskal,euskara
erresumak,euskara
galdu,euskara
egin,euskara
gaztelaren,euskara
hurrengo,euskara
gaztelarrek,euskara
oriako,euskara
harana,euskara
okupatu,euskara
zuten,euskara
iparretik,euskara
errege,euskara
gaztelarraknafar,euskara
foruak,euskara
berretsi,euskara
zizkien,euskara
kostaldeko,euskara
men,euskara
egitearen,euskara
era,euskara
gaztelarrek,euskara
itsaso,euskara
eta,euskara
gaskoiniarako,euskara
salgaien,euskara
aterabide,euskara
naturalak,euskara
eskuratu,euskara
atlantikoko,euskara
itsas,euskara
trafikoa,euskara
sendotzen,euskara
ari,euskara
bale,euskara
ehiza,euskara
eta,euskara
salerosketa,euskara
eta,euskara
gaztelako,euskara
erregeak,euskara
euskal,euskara
portuetara,euskara
zihoazen,euskara
bideak,euskara
sendotu,euskara
hiribilduak,euskara
eratuz,euskara
aita,euskara
hil,euskara
azkarrakkontrolpean,euskara
hartu,euskara
zuendonibane,euskara
txipiabertako,euskara
buru,euskara
aita,euskara
santuak,euskara
gotorlekuaricardo,euskara
lehoi,euskara
bihotziemateko,euskara
agindu,euskara
zion,euskara
bulda,euskara
ez,euskara
zen,euskara
aita,euskara
santuaduxhasi,euskara
zitzaion,euskara
deitzen,euskara
erregeari,euskara
zatitu,euskara
egin,euskara
haraindiko,euskara
lurraldekoeskualdeek,euskara
bat,euskara
egin,euskara
zuten,euskara
nafarroako,euskara
baina,euskara
kostaldeko,euskara
ingurunea,euskara
ingalaterrako,euskara
koroaren,euskara
pean,euskara
geratu,euskara
lapurdi,euskara
behin,euskara
betiko,euskara
nafarroako,euskara
leinuaren,euskara
azkena,euskara
izan,euskara
oinordekorik,euskara
gabe,euskara
eta,euskara
kanpoko,euskara
dinastiak,euskara
hasi,euskara
ziren,euskara
nafarroan,euskara
gatazka,euskara
harrotu,euskara
zuen,euskara
euskaldunen,euskara
eta,euskara
jatorri,euskara
arrotzeko,euskara
burgu,euskara
eta,euskara
agintarien,euskara
nabarreria,euskara
suntsituaizan,euskara
herri,euskara
batzuen,euskara
jaurerrien,euskara
inguruannekazariez,euskara
ziren,euskara
lehen,euskara
herritarrak,euskara
erdi,euskara
aroaren,euskara
erdialdean,euskara
biltzen,euskara
hasi,euskara
hasiera,euskara
batean,euskara
herriz,euskara
herri,euskara
ibiltzen,euskara
baina,euskara
geroraartisauaketa,euskara
bestelako,euskara
ofizioliberalakzituztenekburguakedoauzoaksortzen,euskara
hasi,euskara
ziren,euskara
harresien,euskara
mendeetandonejakue,euskara
bidearilotuta,euskara
merkataritza,euskara
bideak,euskara
irekitzen,euskara
dira,euskara
berriro,euskara
errege,euskara
nafarrek,euskara
besteekfrankoenauzoak,euskara
sortu,euskara
euskal,euskara
oro,euskara
jite,euskara
bereko,euskara
foruen,euskara
familia,euskara
osatzen,euskara
burguek,euskara
berenforupropioa,euskara
eta,euskara
bertan,euskara
bizi,euskara
direnburgeseknekazariek,euskara
ez,euskara
zituzten,euskara
eskubide,euskara
batzuk,euskara
lortu,euskara
sortzen,euskara
hasten,euskara
harresien,euskara
pixkanaka,euskara
nafarroako,euskara
zein,euskara
gaztelako,euskara
erregeek,euskara
foru,euskara
horiek,euskara
hedatzen,euskara
hasten,euskara
nekazariei,euskara
ere,euskara
eta,euskara
hirien,euskara
inguruan,euskara
ekonomia,euskara
dinamikoagoa,euskara
sortzen,euskara
kasu,euskara
batzuetan,euskara
artisautzari,euskara
dedikatutako,euskara
auzo,euskara
eta,euskara
burguensorrera,euskara
eta,euskara
garapena,euskara
mugimendu,euskara
honen,euskara
adibide,euskara
ona,euskara
baina,euskara
lizarra,euskara
eta,euskara
garesen,euskara
ere,euskara
sortu,euskara
ziren,euskara
bertako,euskara
biztanleennabarreriaketa,euskara
foru,euskara
berria,euskara
zuten,euskara
frankoen,euskara
jauntxo,euskara
parte,euskara
hartu,euskara
zuten,euskara
euskal,euskara
herrira,euskara
arteko,euskara
gerrapiztu,euskara
bi,euskara
gipuzkoa,euskara
eta,euskara
kondairaren,euskara
arabera,euskara
prozesio,euskara
batean,euskara
egon,euskara
zen,euskara
liskarrak,euskara
sortu,euskara
zuen,euskara
bi,euskara
bandoen,euskara
antza,euskara
alde,euskara
batekoek,euskara
kandelak,euskara
lepoan,euskara
eraman,euskara
nahi,euskara
zuten,euskara
eta,euskara
besteek,euskara
behean,euskara
lehenengoaren,euskara
defendatzaileakuribarrikoakziren,euskara
eta,euskara
benetan,euskara
beste,euskara
gai,euskara
batzuk,euskara
ziren,euskara
ganboatarrak,euskara
normaleanekonomiaberriarekin,euskara
lotu,euskara
hiribildu,euskara
eta,euskara
nekazaritza,euskara
eta,euskara
eta,euskara
berazlur,euskara
era,euskara
berean,euskara
ganboatarrekdebabarrenaetadebagoienaneraikitako,euskara
hiribilduen,euskara
aurka,euskara
zeuden,euskara
gipuzkoar,euskara
nekazariek,euskara
ere,euskara
oinaztarren,euskara
bandoa,euskara
osatu,euskara
bailaraz,euskara
bailara,euskara
batekin,euskara
edo,euskara
bestearekin,euskara
gaztelako,euskara
monarkak,euskara
atera,euskara
ziren,euskara
hitzarmen,euskara
batera,euskara
heldu,euskara
ziren,euskara
gaztelaren,euskara
peko,euskara
errege,euskara
horrek,euskara
nafarroako,euskara
erresumade,euskara
factogaztelaren,euskara
protektoratu,euskara
bihurtu,euskara
zuen,euskara
tuterako,euskara
hitzarmenaz,euskara
hura,euskara
erabat,euskara
kontrolatzeko,euskara
taktika,euskara
ekin,euskara
nafarroan,euskara
beaumontarrak,euskara
lagun,euskara
baiona,euskara
frantziako,euskara
koroaren,euskara
eskuetan,euskara
erori,euskara
bainabiarnokbere,euskara
burujabetza,euskara
berretsi,euskara
zuen,euskara
uztartuz,euskara
eta,euskara
nafarroako,euskara
tronua,euskara
errege,euskara
katolikoen,euskara
bandoen,euskara
gerra,euskara
amaitu,euskara
eta,euskara
jauntxoen,euskara
dorretxeen,euskara
goiko,euskara
aldeak,euskara
moztu,euskara
fernando,euskara
trastamarakoak,euskara
erresuma,euskara
inbaditzekoagindu,euskara
zuen,euskara
eta,euskara
erresistentzia,euskara
izan,euskara
baziren,euskara
ere,euskara
garaile,euskara
atera,euskara
zen,euskara
arte,euskara
luzatu,euskara
zen,euskara
gerra,euskara
ia,euskara
cisnerosek,euskara
erresumako,euskara
gaztelu,euskara
dorreak,euskara
eraisteko,euskara
agindu,euskara
zuen,euskara
konkistari,euskara
errepresio,euskara
gogor,euskara
batek,euskara
jarraitu,euskara
lehen,euskara
ziren,euskara
kultura,euskara
eta,euskara
gizarte,euskara
hesi,euskara
zorrotz,euskara
bat,euskara
ezartzearekin,euskara
germaniako,euskara
erromatar,euskara
inperio,euskara
santukoarenaurkako,euskara
altxamendua,euskara
izan,euskara
zen,euskara
komunitateen,euskara
gerraizena,euskara
hartu,euskara
gerra,euskara
horrek,euskara
eragina,euskara
izan,euskara
zuen,euskara
ere,euskara
euskal,euskara
kondearen,euskara
gipuzkoako,euskara
nahiz,euskara
eta,euskara
azken,euskara
hau,euskara
burujabetzari,euskara
ere,euskara
lotua,euskara
henrike,euskara
premuak,euskara
pirinioez,euskara
iparraldeko,euskara
nafarroako,euskara
erresuma,euskara
independenteari,euskara
eman,euskara
zion,euskara
eta,euskara
politikei,euskara
baina,euskara
ez,euskara
zion,euskara
utzi,euskara
nafarroa,euskara
bateratzeko,euskara
bertako,euskara
hizkuntzen,euskara
berriaeuskaratzeko,euskara
agindu,euskara
egin,euskara
nafarroa,euskara
garaiak,euskara
ez,euskara
zituen,euskara
galdu,euskara
bere,euskara
ordu,euskara
arteko,euskara
hala,euskara
nafarroa,euskara
nola,euskara
bizkai,euskara
eta,euskara
gipuzkoan,euskara
aldundiak,euskara
sortu,euskara
gaztelako,euskara
enperadoreakdiruz,euskara
lagundu,euskara
zituzten,euskara
hasieranbidasoazmendebaldeko,euskara
teknologikoakitsasontzigintzahauspotu,euskara
eta,euskara
euskaldunekternuan,euskara
baseakezarri,euskara
etabakailaoarrantzaren,euskara
arrantzan,euskara
egindako,euskara
garatutako,euskara
teknologiaz,euskara
eta,euskara
euskaldunak,euskara
itsasoan,euskara
trebeenak,euskara
bilakatu,euskara
ontzi,euskara
handienak,euskara
eta,euskara
sainaren,euskara
hornitzaile,euskara
bakarrak,euskara
ziren,euskara
garai,euskara
hartako,euskara
erregai,euskara
eta,euskara
foruekin,euskara
maiorazkoa,euskara
sartu,euskara
zen,euskara
euskal,euskara
hau,euskara
oinordetza,euskara
seme,euskara
nagusienari,euskara
elikagaien,euskara
falta,euskara
zela,euskara
bigarren,euskara
semeak,euskara
ameriketarako,euskara
espedizioetan,euskara
ontziratu,euskara
izan,euskara
euskaldun,euskara
askokarlos,euskara
ameriketako,euskara
inperio,euskara
berriraerbesteratzen,euskara
hasi,euskara
ziren,euskara
bizitza,euskara
hobe,euskara
baten,euskara
lehen,euskara
garai,euskara
gaztelako,euskara
koroaren,euskara
banderapean,euskara
zenbait,euskara
pertsonaia,euskara
ezagun,euskara
heldu,euskara
ziren,euskara
martinez,euskara
de,euskara
fortuna,euskara
hobearen,euskara
bila,euskara
joandako,euskara
euskaldunekartoaekarri,euskara
eta,euskara
iraultza,euskara
bat,euskara
erein,euskara
gabeko,euskara
lurrak,euskara
demografia,euskara
hazi,euskara
egin,euskara
era,euskara
baserrien,euskara
eraikuntzak,euskara
ugaldu,euskara
egin,euskara
mendeko,euskara
itsasoko,euskara
irabazien,euskara
artistikoaoparo,euskara
indartu,euskara
hori,euskara
eskulturan,euskara
eta,euskara
pinturan,euskara
nabaritu,euskara
ameriketarako,euskara
kontratazio,euskara
etxea,euskara
sevilla,euskara
eta,euskara
cadizera,euskara
aldatzeak,euskara
eta,euskara
erregeen,euskara
gerrarako,euskara
deiek,euskara
bertan,euskara
behera,euskara
uzten,euskara
zituzten,euskara
arrantza,euskara
eta,euskara
itsasontziak,euskara
euskal,euskara
ontzidiaren,euskara
bahimendu,euskara
handienaitsas,euskara
armada,euskara
garaiezinerakoizan,euskara
zen,euskara
kinka,euskara
batean,euskara
jarri,euskara
zuten,euskara
euskal,euskara
itsas,euskara
jarduera,euskara
bidasoaz,euskara
zerga,euskara
berriak,euskara
ezarri,euskara
horren,euskara
gaztelako,euskara
koroaren,euskara
peko,euskara
euskal,euskara
arrantzontziek,euskara
eta,euskara
eskifaiek,euskara
armadan,euskara
eta,euskara
gerran,euskara
ez,euskara
parte,euskara
hartzeko,euskara
aukera,euskara
lortu,euskara
baina,euskara
hori,euskara
mende,euskara
hasieran,euskara
amaitu,euskara
lehia,euskara
handia,euskara
zen,euskara
euskal,euskara
portuen,euskara
gaztela,euskara
eta,euskara
nafarroako,euskara
gutxiago,euskara
beste,euskara
ondasun,euskara
batzuen,euskara
trafikoa,euskara
donostiako,euskara
udalak,euskara
bere,euskara
diru,euskara
kutxa,euskara
hutsak,euskara
zerga,euskara
berriak,euskara
ezarri,euskara
zizkien,euskara
porturatutako,euskara
aldi,euskara
kanalizazio,euskara
ibaiabaionatik,euskara
itsasoratu,euskara
zen,euskara
mendearen,euskara
hondarrean,euskara
nafarroako,euskara
merkataritzaren,euskara
trafiko,euskara
nagusia,euskara
baionara,euskara
bideratu,euskara
ehizaren,euskara
lapurdik,euskara
oparoaldia,euskara
bizi,euskara
ternuako,euskara
lapurtarren,euskara
arrantza,euskara
bere,euskara
gorenera,euskara
heldu,euskara
hori,euskara
idazlanen,euskara
argitalpenean,euskara
islatu,euskara
euskarazgeroidatziz,euskara
eta,euskara
argitaratuz,euskara
axularrek,euskara
henrike,euskara
bordeleko,euskara
parlamentuaren,euskara
de,euskara
lancreepailea,euskara
bidali,euskara
jazarpenaren,euskara
izuazugarramurdi,euskara
eta,euskara
baztanera,euskara
zabaldu,euskara
kasu,euskara
horretanespainiar,euskara
labritekoaerreginaren,euskara
nafarroa,euskara
kultura,euskara
eta,euskara
politika,euskara
dinamismo,euskara
handiko,euskara
estatu,euskara
bihurtu,euskara
bi,euskara
erresuma,euskara
handiren,euskara
arteko,euskara
izan,euskara
koroekberen,euskara
zentralizazio,euskara
ahaleginak,euskara
areagotu,euskara
talka,euskara
nafarroako,euskara
foru,euskara
berria,euskara
idatzi,euskara
eta,euskara
nabarmen,euskara
geratu,euskara
zen,euskara
frantses,euskara
joera,euskara
absolutistaren,euskara
jatorriz,euskara
zuen,euskara
kontratu,euskara
izaera,euskara
azkena,euskara
izan,euskara
errege,euskara
armada,euskara
baten,euskara
frantziako,euskara
lurraldeei,euskara
lotzeko,euskara
matxinadapiztu,euskara
eta,euskara
berdin,euskara
gatzaren,euskara
gaineko,euskara
zergaren,euskara
koroak,euskara
begiz,euskara
jota,euskara
baitzituen,euskara
herri,euskara
jauntxoen,euskara
artean,euskara
banatu,euskara
zerga,euskara
bidez,euskara
bere,euskara
aberastasun,euskara
eta,euskara
gerretarako,euskara
diru,euskara
gehiago,euskara
atera,euskara
horren,euskara
kontra,euskara
gaskoiniatik,euskara
bidalitako,euskara
errege,euskara
espedizio,euskara
zapaldu,euskara
egin,euskara
zuen,euskara
matxinada,euskara
urte,euskara
horretan,euskara
frantziako,euskara
eta,euskara
gaztelako,euskara
koroakpirinioetako,euskara
hitzarmenasinatu,euskara
nafarroaren,euskara
inguruko,euskara
auzia,euskara
mende,euskara
bigarren,euskara
erdialdetik,euskara
aurrera,euskara
politikan,euskara
eta,euskara
ekonomian,euskara
sendotutako,euskara
joerak,euskara
nagusitu,euskara
erresumen,euskara
uniformizazio,euskara
bertako,euskara
lege,euskara
eta,euskara
erakundeak,euskara
indargabetu,euskara
edo,euskara
ahultzen,euskara
zituzten,euskara
neurriak,euskara
ezarri,euskara
euskal,euskara
anjoukoarenetorrerak,euskara
ekarri,euskara
zuen,euskara
aldaketa,euskara
eta,euskara
euskal,euskara
lehenago,euskara
sentitu,euskara
zutenborboi,euskara
pirinioez,euskara
bi,euskara
aldeetako,euskara
merkataritzaren,euskara
isuria,euskara
handia,euskara
baita,euskara
itsas,euskara
merkataritza,euskara
eta,euskara
arrantza,euskara
hego,euskara
euskal,euskara
herriko,euskara
aldundiek,euskara
onuragarritzat,euskara
jo,euskara
zuten,euskara
filipe,euskara
anjoukoagaztelako,euskara
koroakoerrege,euskara
eta,euskara
babestu,euskara
egin,euskara
zuten,euskara
era,euskara
horretan,euskara
frantziako,euskara
erresumaren,euskara
eta,euskara
gaztelako,euskara
koroen,euskara
arteko,euskara
bakea,euskara
beren,euskara
merkataritza,euskara
eta,euskara
bermatuko,euskara
beren,euskara
auzi,euskara
dinastikoa,euskara
konpontzeko,euskara
bidea,euskara
ikusten,euskara
errege,euskara
berriahenrike,euskara
aldi,euskara
ondorengoa,euskara
filipe,euskara
anjoukoa,euskara
abenduaren,euskara
aldarrikatu,euskara
zuten,euskara
errege,euskara
foruak,euskara
bertatik,euskara
bertara,euskara
zin,euskara
egin,euskara
hala,euskara
alberoniministro,euskara
buruak,euskara
euskal,euskara
herriko,euskara
aduanak,euskara
ebrotik,euskara
itsasora,euskara
eta,euskara
pirinioetara,euskara
eramaten,euskara
saiatu,euskara
zen,euskara
ez,euskara
zen,euskara
euskal,euskara
herritar,euskara
askoren,euskara
gustukoa,euskara
etamatxinada,euskara
piztu,euskara
zen,euskara
bizkaian,euskara
eta,euskara
gipuzkoaren,euskara
zati,euskara
luze,euskara
frantses,euskara
armada,euskara
batekokupatu,euskara
zituen,euskara
bizkaia,euskara
eta,euskara
ebrora,euskara
egin,euskara
zuten,euskara
atzera,euskara
baina,euskara
gaztelako,euskara
errege,euskara
absolutistak,euskara
bere,euskara
asmo,euskara
merkantilista,euskara
hezurmamitzeko,euskara
aukera,euskara
ikusi,euskara
zuenbizkaiko,euskara
eta,euskara
gipuzkoako,euskara
aldundiekin,euskara
madrilen,euskara
gipuzkoar,euskara
eta,euskara
hainbat,euskara
produktu,euskara
kolonialek,euskara
ez,euskara
zuten,euskara
aduanarik,euskara
ordainduko,euskara
gaztelara,euskara
aldi,euskara
euskal,euskara
arrantzaleak,euskara
galduz,euskara
joan,euskara
zirenternuan,euskara
eta,euskara
labradorren,euskara
mendetanirabazitako,euskara
batez,euskara
ere,euskara
ingalaterraren,euskara
bukatua,euskara
zen,euskara
kanadako,euskara
kostaldeko,euskara
uretako,euskara
balea,euskara
eta,euskara
bakailao,euskara
euskaldunek,euskara
hegoaldeko,euskara
eta,euskara
erdialdeko,euskara
ameriketara,euskara
bideratu,euskara
zuten,euskara
beren,euskara
lagundiakindar,euskara
handia,euskara
hartu,euskara
hura,euskara
ameriketara,euskara
hedatu,euskara
zen,euskara
euskal,euskara
itsasontzi,euskara
azpiegitura,euskara
brasil,euskara
eta,euskara
argentinako,euskara
altxamendu,euskara
bat,euskara
izan,euskara
zenvenezuelankonpainiako,euskara
euskaldunen,euskara
euskaldunak,euskara
garaile,euskara
atera,euskara
ziren,euskara
espainiako,euskara
erregea,euskara
lagun,euskara
baina,euskara
berehala,euskara
errege,euskara
horrek,euskara
euskal,euskara
konpainiaren,euskara
botere,euskara
politikoa,euskara
ahuldu,euskara
egoitza,euskara
nagusia,euskara
donostiatik,euskara
madrilera,euskara
besteak,euskara
aldundien,euskara
eta,euskara
madrilgo,euskara
errege,euskara
gorteko,euskara
ministroen,euskara
arteko,euskara
tentsioa,euskara
areagotzen,euskara
joan,euskara
nafarroa,euskara
behereko,euskara
eta,euskara
zuberoko,euskara
biltzarrek,euskara
eskumen,euskara
garrantzitsuak,euskara
galdu,euskara
zituzten,euskara
eta,euskara
hurrenez,euskara
eutsi,euskara
egin,euskara
zion,euskara
lurralde,euskara
franko,euskara
autonomia,euskara
ilustrazioa,euskara
indar,euskara
handiz,euskara
sartu,euskara
zenuztaritzetikdonostiaraeta,euskara
hego,euskara
euskal,euskara
herri,euskara
hamarkadan,euskara
goseteak,euskara
izan,euskara
ilustrazioak,euskara
neurri,euskara
liberalizatzaileak,euskara
hartu,euskara
zituen,euskara
gariaren,euskara
handitu,euskara
madrilgoesquilacheren,euskara
aurkako,euskara
tokikojauntxoen,euskara
boterearen,euskara
eta,euskara
gosetearen,euskara
matxinadapiztu,euskara
zen,euskara
eta,euskara
ilustratuekeuskalerriaren,euskara
adiskideen,euskara
elkarteasortu,euskara
zuten,euskara
caracasko,euskara
gipuzkoar,euskara
konpainiak,euskara
ekarritako,euskara
aberastasunaren,euskara
epelean,euskara
baitabergarako,euskara
matxinadaren,euskara
harirakanporatutako,euskara
jesusen,euskara
lagundiarenazpiegitura,euskara
baliatu,euskara
zientzia,euskara
eta,euskara
kultura,euskara
jasoaren,euskara
garapena,euskara
sustatu,euskara
etabergarazentro,euskara
intelektual,euskara
espainiako,euskara
koroak,euskara
susmoz,euskara
ikusten,euskara
zuen,euskara
euskaldunen,euskara
liberalizatzeko,euskara
ediktua,euskara
eman,euskara
zuen,euskara
euskal,euskara
lurraldeen,euskara
kaltetan,euskara
salbuetsiakatzerritartzat,euskara
hartuak,euskara
izan,euskara
ziren,euskara
ameriketako,euskara
espainiako,euskara
koroak,euskara
ebroko,euskara
aduanak,euskara
kentzeko,euskara
presioa,euskara
areagotu,euskara
aldi,euskara
erresuma,euskara
horretako,euskara
beste,euskara
hizkuntzak,euskara
baztertua,euskara
izan,euskara
zen,euskara
giro,euskara
formal,euskara
eta,euskara
idatzietatik,euskara
karlos,euskara
borboik,euskara
gaztelania,euskara
hizkuntza,euskara
izendatu,euskara
zuenean,euskara
ilustrazioarenideien,euskara
iraultzakeztanda,euskara
egin,euskara
zuen,euskara
horrekerrotik,euskara
aldatu,euskara
zuenordu,euskara
arteko,euskara
ekonomia,euskara
eta,euskara
gizartearen,euskara
lapurtar,euskara
eta,euskara
zuberotarren,euskara
protestak,euskara
pirinioez,euskara
iparraldeko,euskara
euskal,euskara
herritarrekosoki,euskara
galdu,euskara
zituzten,euskara
beren,euskara
lege,euskara
eta,euskara
etadepartamendu,euskara
bat,euskara
jaso,euskara
batekin,euskara
deportazioz,euskara
eta,euskara
zapalkuntza,euskara
gogor,euskara
batezordaindu,euskara
zuten,euskara
lapurtarrekfrantses,euskara
errepublikarenneurrien,euskara
kontra,euskara
agertu,euskara
berriaren,euskara
biktima,euskara
eta,euskara
disidente,euskara
askok,euskara
erbestera,euskara
jo,euskara
berrien,euskara
asmo,euskara
estua,euskara
eta,euskara
baztertzailea,euskara
agerian,euskara
geratu,euskara
zen,euskara
aldundiko,euskara
agintariekgipuzkoaren,euskara
independentzia,euskara
iraultzaileek,euskara
gogor,euskara
egin,euskara
eta,euskara
ministro,euskara
berriak,euskara
pozez,euskara
ikusi,euskara
zuen,euskara
frantses,euskara
iraultzaileen,euskara
jokaera,euskara
frantziako,euskara
iraultzatik,euskara
eta,euskara
estatu,euskara
zentralisten,euskara
goraldiaren,euskara
euskalduna,euskara
erlijio,euskara
katolikoari,euskara
loturik,euskara
definitzen,euskara
hasi,euskara
esamoldean,euskara
laburbildu,euskara
izan,euskara
mendeanapoleon,euskara
bonapartekfrantzian,euskara
botere,euskara
osoa,euskara
hartzearekin,euskara
batera,euskara
hasi,euskara
euskal,euskara
herria,euskara
estutasun,euskara
batean,euskara
zen,euskara
merkataritzaren,euskara
lehentasunei,euskara
burges,euskara
eta,euskara
merkatari,euskara
asko,euskara
espainiako,euskara
merkatu,euskara
bateratua,euskara
defendatzera,euskara
lerratu,euskara
euskal,euskara
herria,euskara
kinka,euskara
batean,euskara
zen,euskara
aduanak,euskara
kostaldera,euskara
eta,euskara
pirinioetara,euskara
eramatearen,euskara
gaiaren,euskara
posizioak,euskara
zatituta,euskara
eta,euskara
foruak,euskara
arriskuan,euskara
ikusten,euskara
joseph,euskara
garateuskal,euskara
estatu,euskara
autonomo,euskara
bat,euskara
osatzeko,euskara
proposamena,euskara
egin,euskara
zion,euskara
baina,euskara
ez,euskara
zuen,euskara
aurrera,euskara
bizkaitarrakabandonportu,euskara
bat,euskara
sortzeko,euskara
plan,euskara
bat,euskara
ondu,euskara
bilboren,euskara
bizkaitarren,euskara
zerbitzu,euskara
militar,euskara
bat,euskara
ezkutatzen,euskara
zuen,euskara
hori,euskara
espainiar,euskara
errege,euskara
armadak,euskara
bizkaia,euskara
okupatu,euskara
zuen,euskara
frantses,euskara
armada,euskara
hego,euskara
euskal,euskara
herrira,euskara
sartu,euskara
etabaionako,euskara
espainiar,euskara
konstituzioaonartu,euskara
garaiafrantziari,euskara
atxikitako,euskara
barruti,euskara
bihurtu,euskara
hego,euskara
euskal,euskara
gerrilla,euskara
estiloko,euskara
talde,euskara
armatuak,euskara
muntatu,euskara
ziren,euskara
bonaparteren,euskara
armadaren,euskara
ordukoiberiar,euskara
penintsulako,euskara
gerrarifrantsestea,euskara
deitu,euskara
zitzaion,euskara
euskal,euskara
espainian,euskara
oro,euskara
independentzia,euskara
antolamendu,euskara
berriak,euskara
talka,euskara
egiten,euskara
zuen,euskara
nafarroako,euskara
erresumaren,euskara
jeneralbritaniarraren,euskara
tropak,euskara
arabara,euskara
heldu,euskara
eta,euskara
frantsesak,euskara
garaituak,euskara
izan,euskara
ziren,euskara
entzute,euskara
handikogasteizko,euskara
donostia,euskara
setiatu,euskara
eta,euskara
abuztuaren,euskara
azken,euskara
hiria,euskara
su,euskara
eta,euskara
garrez,euskara
suntsitu,euskara
zuten,euskara
zazpi,euskara
wellingtonen,euskara
tropekbaionan,euskara
amaitu,euskara
zutenberen,euskara
bonapartek,euskara
gerra,euskara
galdu,euskara
pirinioezhegoaldeko,euskara
euskal,euskara
askok,euskara
fernando,euskara
erregearen,euskara
agintaldiaren,euskara
hasiera,euskara
txalotu,euskara
ordu,euskara
arteko,euskara
estatusaren,euskara
ere,euskara
esatez,euskara
ipar,euskara
euskal,euskara
berrezarri,euskara
zen,euskara
erregetza,euskara
baina,euskara
lehengo,euskara
tokiko,euskara
euskal,euskara
erakundeak,euskara
ez,euskara
ziren,euskara
jada,euskara
guduaketaamerikako,euskara
kolonien,euskara
independentziekoso,euskara
kaltetuta,euskara
utzi,euskara
zituzten,euskara
euskal,euskara
itsas,euskara
merkataritza,euskara
eta,euskara
etafrançois,euskara
cabarrusbaionesarenbitartez,euskara
sortutakofilipinetako,euskara
konpainiak,euskara
beheraldia,euskara
hasi,euskara
diputazioen,euskara
diru,euskara
kutxak,euskara
hutsik,euskara
zeuden,euskara
gerra,euskara
giroaren,euskara
euskal,euskara
herriko,euskara
burdinolek,euskara
betiko,euskara
utzi,euskara
zioten,euskara
lehiakor,euskara
ingalaterrako,euskara
eta,euskara
ipar,euskara
europako,euskara
burdingintzaren,euskara
berrikuntza,euskara
teknologikoei,euskara
aurre,euskara
egin,euskara
burdinolentzako,euskara
ikatz,euskara
salerosketaren,euskara
burgesia,euskara
berri,euskara
bat,euskara
kapitala,euskara
metatzen,euskara
hasi,euskara
zen,euskara
mier,euskara
y,euskara
ikatzaren,euskara
eta,euskara
burdin,euskara
produktuen,euskara
gaineko,euskara
bankan,euskara
kobre,euskara
galdategiak,euskara
burdinolak,euskara
utzi,euskara
egin,euskara
zion,euskara
orbaizetako,euskara
arma,euskara
fabrikak,euskara
indarrean,euskara
jarraitu,euskara
zuen,euskara
liberalak,euskara
gailendu,euskara
ziren,euskara
etahirurteko,euskara
aldi,euskara
batez,euskara
hego,euskara
euskal,euskara
herria,euskara
espainiako,euskara
beste,euskara
lurraldeekin,euskara
probintziatan,euskara
berdindu,euskara
hala,euskara
luisen,euskara
ehun,euskara
mila,euskara
semeenespedizio,euskara
erreakzionarioa,euskara
euskal,euskara
herritik,euskara
igaro,euskara
zen,euskara
fernando,euskara
borboikoa,euskara
espainiako,euskara
koroan,euskara
tronura,euskara
itzuli,euskara
hegoaldeko,euskara
euskal,euskara
herritar,euskara
oro,euskara
harrera,euskara
beroa,euskara
eman,euskara
erakunde,euskara
tradizionalak,euskara
eta,euskara
foruak,euskara
berrezarriko,euskara
garai,euskara
euskal,euskara
erakundeek,euskara
beren,euskara
burujabetza,euskara
baieztatzeko,euskara
ahaleginak,euskara
egin,euskara
erresumako,euskara
gorteak,euskara
deitu,euskara
eta,euskara
bildu,euskara
ziren,euskara
azkeneko,euskara
arbolaren,euskara
nagusien,euskara
eraikina,euskara
eta,euskara
beirate,euskara
dotoreakeraiki,euskara
ziren,euskara
bizkai,euskara
eta,euskara
gipuzkoako,euskara
aldundiakkonferentziakdirelako,euskara
bilkuretan,euskara
hasi,euskara
ziren,euskara
elkartzen,euskara
aurrera,euskara
aro,euskara
berrian,euskara
elkarren,euskara
interesak,euskara
elite,euskara
liberalen,euskara
belaunaldi,euskara
berri,euskara
espainiari,euskara
oso,euskara
ebroko,euskara
aduanen,euskara
amaiera,euskara
aldarrikatzen,euskara
oligarkia,euskara
postu,euskara
politikoetatik,euskara
kanpora,euskara
geratu,euskara
zen,euskara
fernando,euskara
erregearen,euskara
absolutismoaren,euskara
karlistaldiakedo,euskara
karlista,euskara
mendeanespainiangertatutako,euskara
guda,euskara
zibilak,euskara
izan,euskara
etaeuskal,euskara
herriaizan,euskara
zuten,euskara
herritar,euskara
gehienek,euskara
karlos,euskara
erregegaiaren,euskara
alde,euskara
egin,euskara
eta,euskara
karlistak,euskara
boluntarioak,euskara
izan,euskara
kontrako,euskara
aldean,euskara
izan,euskara
zituzten,euskara
hirietako,euskara
goi,euskara
burgesia,euskara
eta,euskara
hainbat,euskara
eta,euskara
batez,euskara
ere,euskara
espainiako,euskara
armada,euskara
mende,euskara
bukaera,euskara
eta,euskara
mende,euskara
hasieran,euskara
euskal,euskara
herrian,euskara
izan,euskara
ziren,euskara
espedizio,euskara
militarren,euskara
hertsapenetatik,euskara
herritar,euskara
ugarik,euskara
mendira,euskara
jo,euskara
eta,euskara
armaturik,euskara
euskal,euskara
herrian,euskara
bi,euskara
karlistaldi,euskara
izan,euskara
hurrenez,euskara
lehen,euskara
eta,euskara
bigarren,euskara
gerra,euskara
espainiako,euskara
gobernuaren,euskara
armadaren,euskara
espedizio,euskara
handi,euskara
bat,euskara
bidaliz,euskara
eta,euskara
hego,euskara
euskal,euskara
herriaren,euskara
okupazio,euskara
militarraz,euskara
amaitu,euskara
bi,euskara
gerretan,euskara
euskal,euskara
herriko,euskara
lurralde,euskara
horiek,euskara
beren,euskara
gobernu,euskara
erakunde,euskara
eta,euskara
legeak,euskara
galdu,euskara
zituzten,euskara
zati,euskara
batean,euskara
edo,euskara
ia,euskara
fernando,euskara
haren,euskara
anaiakarlos,euskara
maria,euskara
isidrokerrege,euskara
horren,euskara
ondorengo,euskara
nahi,euskara
euskal,euskara
foruen,euskara
alde,euskara
agertzeagatik,euskara
jaso,euskara
zuen,euskara
kontrako,euskara
fernandoren,euskara
alabaelisabet,euskara
maria,euskara
espartero,euskara
elisabet,euskara
madrilen,euskara
erregina,euskara
koroatu,euskara
eta,euskara
ia,euskara
burgosen,euskara
espainiaren,euskara
banaketa,euskara
administratiboaerabaki,euskara
hego,euskara
euskal,euskara
herriko,euskara
gobernu,euskara
erakundeen,euskara
eta,euskara
legeen,euskara
diputazioadesegin,euskara
etaprobintziako,euskara
diputazioasortu,euskara
zen,euskara
espainiako,euskara
gobernuak,euskara
zuzenean,euskara
karlistak,euskara
herritar,euskara
xume,euskara
gehienak,euskara
baita,euskara
behe,euskara
mailako,euskara
apaizteria,euskara
eta,euskara
nekazal,euskara
lurjabe,euskara
txikiak,euskara
balio,euskara
katolikoen,euskara
babesa,euskara
karlisten,euskara
ikur,euskara
bihurtu,euskara
ordu,euskara
arteko,euskara
erakunde,euskara
eta,euskara
tradizioen,euskara
elisabetarrak,euskara
edo,euskara
monarkiako,euskara
legeak,euskara
bateratu,euskara
eta,euskara
zentralizatzearen,euskara
alde,euskara
honako,euskara
hauek,euskara
burgesiako,euskara
eta,euskara
espainiar,euskara
armadako,euskara
goi,euskara
mailako,euskara
nobleak,euskara
eta,euskara
hiriburuetako,euskara
herritarren,euskara
zati,euskara
handi,euskara
hego,euskara
euskal,euskara
foruak,euskara
galdu,euskara
herri,euskara
lur,euskara
eta,euskara
esplotazioak,euskara
saldu,euskara
ziren,euskara
lurjabeei,euskara
eta,euskara
burges,euskara
aberatsei,euskara
onura,euskara
ekarri,euskara
estatuarentzako,euskara
funtsak,euskara
mendizabalendesamortizazioaezarri,euskara
zen,euskara
eta,euskara
ondorio,euskara
berdinak,euskara
izan,euskara
zumalakarregikiruñea,euskara
utzi,euskara
eta,euskara
lizarrara,euskara
zuzendu,euskara
karlos,euskara
erregenahiaren,euskara
aldeko,euskara
indarrekin,euskara
nafarroako,euskara
hainbat,euskara
buruzagi,euskara
militarrek,euskara
altxamenduaren,euskara
buru,euskara
izendatu,euskara
eta,euskara
atxikimendu,euskara
gutun,euskara
bat,euskara
sinatu,euskara
helburutzat,euskara
hartuz,euskara
karlos,euskara
eta,euskara
nafarroako,euskara
foru,euskara
eta,euskara
legeak,euskara
aldi,euskara
altxamenduak,euskara
izan,euskara
ziren,euskara
beste,euskara
euskal,euskara
luze,euskara
milaka,euskara
boluntario,euskara
bildu,euskara
honek,euskara
hainbat,euskara
fase,euskara
igaro,euskara
eta,euskara
lehenengo,euskara
fasea,euskara
eta,euskara
urteen,euskara
bitartean,euskara
gertatu,euskara
fase,euskara
horrek,euskara
tomas,euskara
zumalakarregi,euskara
izan,euskara
zuen,euskara
gudaroste,euskara
karlista,euskara
erregularra,euskara
osatu,euskara
eta,euskara
zuzendu,euskara
karlistak,euskara
kinka,euskara
batean,euskara
izan,euskara
ziren,euskara
karlos,euskara
erregenahia,euskara
aldeztearen,euskara
edo,euskara
euskal,euskara
lurraldeen,euskara
independentzia,euskara
aldarrikatzearen,euskara
gerra,euskara
osoan,euskara
aztertu,euskara
zen,euskara
bigarren,euskara
eta,euskara
zumalakarregi,euskara
hil,euskara
zenetik,euskara
karlistak,euskara
ahuldurik,euskara
eta,euskara
buruzagitza,euskara
karismatikorik,euskara
gabe,euskara
geratu,euskara
euskal,euskara
herriko,euskara
karlistekmadrileraino,euskara
heldu,euskara
eta,euskara
eraso,euskara
egin,euskara
baina,euskara
porrot,euskara
egin,euskara
guduaitzulpuntu,euskara
garrantzitsua,euskara
izan,euskara
eta,euskara
espainiako,euskara
gobernuaren,euskara
armada,euskara
sendoturik,euskara
atera,euskara
finantza,euskara
baliabide,euskara
gehiago,euskara
besarkadaizan,euskara
espartero,euskara
etamarotojeneralen,euskara
oñatin,euskara
sinatua,euskara
eta,euskara
karlista,euskara
askok,euskara
traiziotzat,euskara
horrek,euskara
amaiera,euskara
eman,euskara
zion,euskara
gerrari,euskara
hego,euskara
euskal,euskara
eta,euskara
milaka,euskara
herritar,euskara
armatuk,euskara
muga,euskara
gurutzatu,euskara
zuten,euskara
beratik,euskara
etadonibane,euskara
berresteko,euskara
legeaonartu,euskara
zen,euskara
espainiako,euskara
euskal,euskara
askatasunak,euskara
eta,euskara
foru,euskara
erregimena,euskara
koloka,euskara
utzi,euskara
hego,euskara
euskal,euskara
herriaespainiako,euskara
konstituzioarilotuta,euskara
geratu,euskara
zen,euskara
ez,euskara
espainiako,euskara
gorteek,euskara
ez,euskara
gobernuak,euskara
ez,euskara
zuten,euskara
ahalmenik,euskara
euskal,euskara
mendebaldeko,euskara
euskal,euskara
lurraldeetako,euskara
aldundi,euskara
nagusiek,euskara
erabat,euskara
uko,euskara
egiten,euskara
zioten,euskara
foruak,euskara
ziren,euskara
gauzak,euskara
nafarroa,euskara
erresumako,euskara
diputazioa,euskara
desegin,euskara
nafarroa,euskara
probintziako,euskara
aldundiaren,euskara
batzorde,euskara
bertako,euskara
burujose,euskara
nafarroako,euskara
erresuma,euskara
desegitea,euskara
adostu,euskara
zuen,euskara
eraberritzeko,euskara
nafarroa,euskara
garaia,euskara
espainiako,euskara
probintzia,euskara
arruntekin,euskara
parekatu,euskara
salbu,euskara
eta,euskara
puntu,euskara
batean,euskara
kupoa,euskara
eta,euskara
administrazioko,euskara
berezitasun,euskara
jeneral,euskara
kolpista,euskara
nafarroa,euskara
garairako,euskara
formula,euskara
aplikatu,euskara
nahi,euskara
zien,euskara
penintsulako,euskara
beste,euskara
euskal,euskara
altxamendu,euskara
militar,euskara
bat,euskara
piztu,euskara
zen,euskara
haren,euskara
erdiguneetako,euskara
bat,euskara
hego,euskara
euskal,euskara
herriko,euskara
hiriburuak,euskara
euskal,euskara
herri,euskara
babesa,euskara
foruen,euskara
berrintegrazioa,euskara
aipatzen,euskara
hala,euskara
ez,euskara
zuen,euskara
eskuratu,euskara
nahi,euskara
bezalako,euskara
eta,euskara
esparterok,euskara
gerlariko,euskara
espedizio,euskara
militar,euskara
bat,euskara
zuzendu,euskara
zuen,euskara
euskal,euskara
gasteiz,euskara
okupatu,euskara
eta,euskara
agindu,euskara
zuen,euskara
aduanak,euskara
ebrotik,euskara
kostalde,euskara
eta,euskara
pirinioetara,euskara
lehen,euskara
instantziako,euskara
auzitegiak,euskara
zein,euskara
espainiako,euskara
udal,euskara
araudia,euskara
bizkai,euskara
eta,euskara
gipuzkoako,euskara
foruak,euskara
guztiz,euskara
murrizturik,euskara
gelditu,euskara
haien,euskara
zorrei,euskara
esker,euskara
eta,euskara
gerra,euskara
garaiko,euskara
oinarrizko,euskara
lehengaien,euskara
goi,euskara
burgesia,euskara
inbertsiogile,euskara
industrial,euskara
bat,euskara
sortu,euskara
zenbilboko,euskara
dagoeneko,euskara
espainiako,euskara
barne,euskara
merkatuari,euskara
begira,euskara
mier,euskara
y,euskara
ana,euskara
de,euskara
boluetafabrika,euskara
sortu,euskara
zen,euskara
herri,euskara
horretan,euskara
burdindegi,euskara
zahar,euskara
baten,euskara
herriko,euskara
lehen,euskara
instalazio,euskara
industrial,euskara
ybarratarrek,euskara
nuestra,euskara
señora,euskara
del,euskara
carmen,euskara
fabrika,euskara
sortu,euskara
zutenguriezonlehendabizi,euskara
etabarakaldoralekualdatu,euskara
gero,euskara
donostian,euskara
industrializazioaren,euskara
nagusi,euskara
bilakatu,euskara
ehungintza,euskara
eta,euskara
papergintza,euskara
besteak,euskara
espainianramon,euskara
maria,euskara
narvaezkontserbadore,euskara
moderatua,euskara
gobernura,euskara
heldu,euskara
foruetako,euskara
ezaugarri,euskara
batzuk,euskara
berrezarri,euskara
ziren,euskara
bizkai,euskara
eta,euskara
hala,euskara
nola,euskara
zergen,euskara
zein,euskara
zerbitzu,euskara
militarraren,euskara
salbuespena,euskara
eta,euskara
bertako,euskara
erakundeen,euskara
bizkaitar,euskara
eta,euskara
gipuzkoarrek,euskara
tertzioak,euskara
bidali,euskara
zituztenmarokoko,euskara
gerra,euskara
baitakubako,euskara
gerrara,euskara
ere,euskara
betiko,euskara
galdu,euskara
zen,euskara
bertako,euskara
legeen,euskara
eta,euskara
erakundeen,euskara
euskal,euskara
herri,euskara
mendebaldeko,euskara
liberalak,euskara
foruen,euskara
aldeko,euskara
posizioak,euskara
agertzen,euskara
hasi,euskara
hala,euskara
nolapedro,euskara
novia,euskara
gerrarteko,euskara
aro,euskara
honiforu,euskara
berriarenaedoneoforaladeitu,euskara
zaio,euskara
bikoitzaren,euskara
garaia,euskara
eta,euskara
ere,euskara
lore,euskara
jokoak,euskara
sortu,euskara
bitartean,euskara
estutu,euskara
egin,euskara
ziren,euskara
hego,euskara
euskal,euskara
herriko,euskara
aldundien,euskara
arteko,euskara
eta,euskara
iparragirrerengernikako,euskara
ezagun,euskara
egiten,euskara
hasi,euskara
hego,euskara
euskal,euskara
herrian,euskara
nahitaezko,euskara
gaztelaniazko,euskara
eskola,euskara
ezarri,euskara
zitzaien,euskara
haurrei,euskara
pirinioetan,euskara
muga,euskara
ezarri,euskara
moztu,euskara
egin,euskara
zen,euskara
nafarroa,euskara
eta,euskara
baiona,euskara
arteko,euskara
merkataritza,euskara
bide,euskara
kontrabandoa,euskara
nabarmen,euskara
hazi,euskara
euskal,euskara
herritarrek,euskara
milaka,euskara
hartu,euskara
zutenerbesterako,euskara
ipar,euskara
euskal,euskara
frantziako,euskara
bazter,euskara
batean,euskara
zokoraturik,euskara
eta,euskara
berezko,euskara
ekimenik,euskara
jarduera,euskara
ekonomikoak,euskara
behea,euskara
jo,euskara
balantze,euskara
demografiko,euskara
negatiboa,euskara
burdinbideaz,euskara
eliteko,euskara
frantses,euskara
turismoa,euskara
hedatu,euskara
bereziki,euskara
eta,euskara
kultura,euskara
aldaketa,euskara
garrantzitsuak,euskara
ekarri,euskara
besteak,euskara
mendebaldeko,euskara
espainiako,euskara
lege,euskara
berrien,euskara
inbertsio,euskara
banku,euskara
bat,euskara
sortu,euskara
de,euskara
besteak,euskara
beste,euskara
frantziakocredit,euskara
izan,euskara
burdinbidea,euskara
zabaltzen,euskara
ari,euskara
konpainiabaionaraheldu,euskara
eta,euskara
amaitu,euskara
zuenmiranda,euskara
ebroeta,euskara
irun,euskara
arteko,euskara
ibilbide,euskara
altsasu,euskara
eta,euskara
goierri,euskara
langile,euskara
italiar,euskara
eta,euskara
frantsesez,euskara
jendeztatu,euskara
eugenia,euskara
montijokoarenudako,euskara
turismo,euskara
gune,euskara
bihurtu,euskara
aldi,euskara
donostiaelisabet,euskara
erreginarenturismo,euskara
osasun,euskara
bainuek,euskara
erreginaerbestera,euskara
irten,euskara
zen,euskara
eta,euskara
desegonkortasun,euskara
aldi,euskara
bat,euskara
hasi,euskara
zen,euskara
euskal,euskara
herriko,euskara
foruen,euskara
gaineko,euskara
savoiakoaespainiako,euskara
tronura,euskara
heldu,euskara
zen,euskara
etakarlos,euskara
maria,euskara
borboikerrege,euskara
izateko,euskara
eskubidea,euskara
aldarrikatu,euskara
matxinada,euskara
karlista,euskara
berpiztu,euskara
etaorokietako,euskara
guduaizan,euskara
zenmaiatzaren,euskara
itunasinatu,euskara
baina,euskara
ez,euskara
zituen,euskara
gogobete,euskara
ez,euskara
karlistak,euskara
zelasanta,euskara
kruz,euskara
ez,euskara
espainiako,euskara
gorteak,euskara
urtarril,euskara
karlistek,euskara
gerrilla,euskara
taktikaz,euskara
jokatu,euskara
zuten,euskara
hego,euskara
euskal,euskara
burdinbideak,euskara
moztuz,euskara
eta,euskara
telegrafoak,euskara
bertan,euskara
behera,euskara
hurrengo,euskara
errepublikaaldarrikatu,euskara
karlistak,euskara
elkartu,euskara
eta,euskara
beren,euskara
hiriburu,euskara
bihurtu,euskara
guduairabazi,euskara
hego,euskara
euskal,euskara
herrian,euskara
estatu,euskara
karlista,euskara
bat,euskara
osatu,euskara
salbu,euskara
eta,euskara
espainiako,euskara
armadaren,euskara
eta,euskara
burgesiaren,euskara
bertako,euskara
posta,euskara
zerbitzua,euskara
eta,euskara
txanponak,euskara
sartu,euskara
zituzten,euskara
ministerioak,euskara
baita,euskara
kode,euskara
penala,euskara
espainiako,euskara
errepublika,euskara
kinka,euskara
larrian,euskara
karlistek,euskara
boluntariotik,euskara
gora,euskara
zituzten,euskara
hego,euskara
euskal,euskara
karlisteksetioa,euskara
jarri,euskara
zioten,euskara
hala,euskara
serranojeneralak,euskara
gerlari,euskara
bildu,euskara
etaerasoa,euskara
jo,euskara
zuen,euskara
baita,euskara
bilbo,euskara
mendean,euskara
hartu,euskara
ere,euskara
karlos,euskara
erregenahiak,euskara
foruak,euskara
zin,euskara
egin,euskara
zituen,euskara
atzerakoi,euskara
bat,euskara
egin,euskara
zuen,euskara
del,euskara
espedizio,euskara
erraldoi,euskara
banaren,euskara
camposjeneralak,euskara
euskal,euskara
herrira,euskara
sartu,euskara
eta,euskara
lizarra,euskara
azpiratu,euskara
zuten,euskara
euskal,euskara
karlistek,euskara
guda,euskara
galdu,euskara
nafarroa,euskara
eta,euskara
beste,euskara
euskal,euskara
lurraldeak,euskara
gerraren,euskara
errudun,euskara
izendatu,euskara
hego,euskara
euskal,euskara
herria,euskara
lurralde,euskara
okupatu,euskara
bihurtu,euskara
zen,euskara
hurrengo,euskara
iparraldeko,euskara
armadako,euskara
soldadu,euskara
finkatu,euskara
ziren,euskara
nafarroan,euskara
legeaezarri,euskara
etaadierazpen,euskara
askatasunadebekatu,euskara
zen,euskara
bertan,euskara
azaro,euskara
milaka,euskara
euskal,euskara
herritar,euskara
kolonietara,euskara
deportatzea,euskara
agindu,euskara
zen,euskara
herritar,euskara
nafarroan,euskara
eta,euskara
herritarrei,euskara
egotzi,euskara
zitzaien,euskara
gobernuaren,euskara
armada,euskara
mantendu,euskara
konstituzioaonartu,euskara
eta,euskara
bizkai,euskara
eta,euskara
gipuzkoakoforuak,euskara
baliogabetu,euskara
uztailaren,euskara
gobernuakaldundi,euskara
nagusiakdesegin,euskara
eta,euskara
orduz,euskara
zen,euskara
euskal,euskara
lurralde,euskara
guztietan,euskara
tentsioen,euskara
herri,euskara
altxamenduaizan,euskara
zen,euskara
nafarroa,euskara
espainiar,euskara
ekonomia,euskara
erreforma,euskara
bat,euskara
zela,euskara
kanpionizan,euskara
zen,euskara
gamazadaren,euskara
babesle,euskara
nagusietako,euskara
arananafarroan,euskara
izan,euskara
bizkaira,euskara
egin,euskara
abertzaletasunarenetaeusko,euskara
alderdi,euskara
luze,euskara
gabe,euskara
hedatu,euskara
zen,euskara
nafarroa,euskara
eta,euskara
euskal,euskara
abertzaletasunaren,euskara
adierazpenak,euskara
gogor,euskara
erreprimituak,euskara
izan,euskara
legedi,euskara
zibil,euskara
eta,euskara
militarraren,euskara
kontraesan,euskara
sozial,euskara
eta,euskara
ekonomikoak,euskara
ez,euskara
ezik,euskara
arteko,euskara
politika,euskara
eta,euskara
lurralde,euskara
arlokoak,euskara
nabarmenak,euskara
nagusietako,euskara
bat,euskara
bilboko,euskara
ingurune,euskara
eta,euskara
hiriburu,euskara
erdaldunduen,euskara
eta,euskara
herri,euskara
euskaldunaren,euskara
artekoa,euskara
zen,euskara
lerrotik,euskara
herri,euskara
euskalduna,euskara
alienatu,euskara
zuten,euskara
hainbat,euskara
neurri,euskara
agindu,euskara
edo,euskara
areagotu,euskara
antzerkia,euskara
euskaraz,euskara
egiteko,euskara
euskararen,euskara
erabilera,euskara
eskoletan,euskara
euskararen,euskara
desagerpena,euskara
ipar,euskara
euskal,euskara
frantziako,euskara
elizaren,euskara
eta,euskara
estatuaren,euskara
arteko,euskara
tokiko,euskara
eskola,euskara
sisteman,euskara
asaldura,euskara
piztu,euskara
zuen,euskara
abadiaksustatutakolore,euskara
jokoakbidasoko,euskara
eskualdetik,euskara
zabaltzen,euskara
joan,euskara
ziren,euskara
donostiara,euskara
arbolazabaldu,euskara
eta,euskara
askatasunen,euskara
eta,euskara
euskaltasunaren,euskara
ereserki,euskara
nazional,euskara
bihurtu,euskara
baita,euskara
euskal,euskara
herriaz,euskara
kanpora,euskara
gerra,euskara
nafarroako,euskara
agintariek,euskara
bereiz,euskara
jokatu,euskara
zuten,euskara
espainiako,euskara
gobernuarekin,euskara
gerra,euskara
zigorrak,euskara
eta,euskara
ekonomia,euskara
baldintza,euskara
berriak,euskara
zehazteko,euskara
nafarroarako,euskara
ezarritako,euskara
ereduari,euskara
lotuz,euskara
errege,euskara
ekonomia,euskara
ituna,euskara
sinatu,euskara
zen,euskara
bizkai,euskara
eta,euskara
hasiera,euskara
batean,euskara
zortzi,euskara
eliteentzat,euskara
irabazia,euskara
agerikoa,euskara
ekonomikoa,euskara
zein,euskara
hazkundea,euskara
nabarmena,euskara
izan,euskara
zen,euskara
bilbo,euskara
gipuzkoan,euskara
baina,euskara
txikiagoa,euskara
edo,euskara
negatiboa,euskara
gainerako,euskara
bilboko,euskara
itsasadarraren,euskara
eskualdea,euskara
industrializazio,euskara
betean,euskara
sartu,euskara
ekonomia,euskara
kapitalistarekin,euskara
bat,euskara
ekonomia,euskara
itunak,euskara
ekonomia,euskara
gatibu,euskara
bat,euskara
sortu,euskara
zuen,euskara
espainiako,euskara
merkatuari,euskara
ybarra,euskara
familiakbessemer,euskara
prozesuajarri,euskara
zuen,euskara
abian,euskara
altzairua,euskara
labe,euskara
garai,euskara
berrituak,euskara
inauguratuz,euskara
altos,euskara
hornos,euskara
de,euskara
ezkerraldeko,euskara
mendietatik,euskara
burdin,euskara
mea,euskara
esportatzen,euskara
hasi,euskara
zen,euskara
orconeratik,euskara
eta,euskara
bankuen,euskara
aurrezki,euskara
kutxak,euskara
sortu,euskara
gizarte,euskara
ekintza,euskara
biltzen,euskara
lanesku,euskara
merkearen,euskara
etorkin,euskara
samaldak,euskara
hasi,euskara
ziren,euskara
roblako,euskara
burdinbideberriaren,euskara
bidez,euskara
haietako,euskara
langileen,euskara
miseria,euskara
gorriak,euskara
eta,euskara
deshumanizazioak,euskara
sindikatu,euskara
sozialisten,euskara
sorrera,euskara
ekarri,euskara
neurri,euskara
txikiago,euskara
zuberoanespartinenindustria,euskara
garatu,euskara
zen,euskara
ekonomia,euskara
globalean,euskara
kokatu,euskara
zuena,euskara
eta,euskara
espartingintzaren,euskara
munduko,euskara
hiriburu,euskara
zuberoan,euskara
fabrika,euskara
izatera,euskara
heldu,euskara
langile,euskara
asko,euskara
erronkari,euskara
eta,euskara
aragoiko,euskara
emakume,euskara
sasoilariak,euskara
maule,euskara
etadonibane,euskara
garaziraheldu,euskara
burdinbideak,euskara
turismoa,euskara
sustatu,euskara
zuen,euskara
kostaldean,euskara
eta,euskara
eta,euskara
nobleziako,euskara
eliteen,euskara
aisialdirako,euskara
jomuga,euskara
bilakatu,euskara
ziren,euskara
mende,euskara
turismoaren,euskara
euskal,euskara
erromantizismoa,euskara
loratu,euskara
estiloko,euskara
arkitekturannabaritu,euskara
urteen,euskara
bitartekogerra,euskara
joan,euskara
behar,euskara
izan,euskara
zutenipar,euskara
euskal,euskara
herrikogizon,euskara
alde,euskara
oso,euskara
bat,euskara
desagertu,euskara
soldadu,euskara
joan,euskara
behar,euskara
izan,euskara
zuten,euskara
euskal,euskara
herritar,euskara
hil,euskara
egañahistorialariaren,euskara
ipar,euskara
euskal,euskara
herritarrak,euskara
frantsestu,euskara
frantziaren,euskara
propaganda,euskara
mezuak,euskara
barreneraino,euskara
sartu,euskara
zirenipar,euskara
euskal,euskara
gerra,euskara
hark,euskara
frantses,euskara
sentiarazi,euskara
zituen,euskara
ipar,euskara
euskal,euskara
herriko,euskara
euskaldun,euskara
anitzek,euskara
desertore,euskara
izateko,euskara
bidea,euskara
hautatu,euskara
nafarroako,euskara
mugatik,euskara
hurbil,euskara
baina,euskara
gehienek,euskara
gerra,euskara
egin,euskara
eta,euskara
haiek,euskara
biziki,euskara
frantses,euskara
itzuli,euskara
ziren,euskara
euskaldun,euskara
anitzfrantsesaez,euskara
jakiteagatik,euskara
hil,euskara
aginduak,euskara
ez,euskara
zituztelako,euskara
euskara,euskara
jakitea,euskara
zela,euskara
pentsatu,euskara
horrek,euskara
ere,euskara
euskaldunen,euskara
frantsestea,euskara
erraztu,euskara
gauza,euskara
bera,euskara
jasan,euskara
zuten,euskara
bretainiarrek,euskara
eta,euskara
korsikarrek,euskara
euskararen,euskara
transmisioan,euskara
etenaldi,euskara
luze,euskara
bat,euskara
izan,euskara
zen,euskara
ipar,euskara
euskal,euskara
ez,euskara
bakarrik,euskara
gerraren,euskara
baina,euskara
euskaldun,euskara
izatea,euskara
zama,euskara
gisa,euskara
bizi,euskara
izan,euskara
zuten,euskara
mundu,euskara
gerrakfrantziako,euskara
iraultzakbaino,euskara
eragin,euskara
handiagoa,euskara
izan,euskara
zuen,euskara
euskal,euskara
nortasunaren,euskara
hego,euskara
euskal,euskara
espainia,euskara
neutrala,euskara
zen,euskara
europako,euskara
gatazka,euskara
eta,euskara
gora,euskara
egin,euskara
zuen,euskara
tartean,euskara
zirela,euskara
itsasontziak,euskara
eta,euskara
bilbon,euskara
eta,euskara
gipuzkoan,euskara
horrek,euskara
oparotasuna,euskara
ekarri,euskara
zien,euskara
eta,euskara
haren,euskara
donostia,euskara
loratu,euskara
zen,euskara
nazioarteko,euskara
diplomazia,euskara
eta,euskara
azpijokoen,euskara
erakargune,euskara
garrantzitsu,euskara
bertan,euskara
hartu,euskara
zuten,euskara
hainbat,euskara
artean,euskara
gertatu,euskara
zen,euskara
gerra,euskara
zibila,euskara
bi,euskara
urtez,euskara
luzatu,euskara
zen,euskara
fronteetanhego,euskara
euskal,euskara
espainian,euskara
eztabaidan,euskara
zeuden,euskara
printzipio,euskara
eta,euskara
ideologikoei,euskara
gehitu,euskara
behar,euskara
zaie,euskara
abertzaletasunaren,euskara
inguruko,euskara
francojenerala,euskara
melillan,euskara
altxa,euskara
zen,euskara
estatu,euskara
kolpearen,euskara
erdiguneetako,euskara
jeneralaketa,euskara
karlistek,euskara
harekin,euskara
bat,euskara
egin,euskara
bere,euskara
eraginaz,euskara
luis,euskara
oriolkazike,euskara
karlistak,euskara
altxamenduaren,euskara
alde,euskara
jarri,euskara
zuen,euskara
probintzia,euskara
ia,euskara
alde,euskara
agertu,euskara
zen,euskara
etagipuzkoanzalantza,euskara
uneak,euskara
izan,euskara
ziren,euskara
hasiera,euskara
laster,euskara
hego,euskara
euskal,euskara
herria,euskara
bitan,euskara
zatitu,euskara
juntetxeanjose,euskara
antonio,euskara
agirreklehendakari,euskara
kargua,euskara
zin,euskara
egin,euskara
etaeusko,euskara
jaurlaritzaeratu,euskara
bizkaian,euskara
batasun,euskara
gobernua,euskara
sortu,euskara
zuen,euskara
euskal,euskara
komunista,euskara
errepublikazalez,euskara
eta,euskara
sozialistez,euskara
eta,euskara
bederatzi,euskara
hilabete,euskara
iraun,euskara
zuen,euskara
euskal,euskara
haren,euskara
ekimena,euskara
praktikan,euskara
estatu,euskara
independente,euskara
batena,euskara
izan,euskara
zen,euskara
gerrak,euskara
kolpistek,euskara
bonbardaketak,euskara
egin,euskara
zituzten,euskara
euskal,euskara
herriko,euskara
hainbat,euskara
herriren,euskara
aireko,euskara
ekintza,euskara
militarrak,euskara
egiten,euskara
ziren,euskara
lehen,euskara
aldia,euskara
bilbon,euskara
egin,euskara
zituzten,euskara
herritarren,euskara
otxandioetadurangonhasi,euskara
eta,euskara
italiarren,euskara
abioiek,euskara
pertsona,euskara
hil,euskara
eta,euskara
italiarrek,euskara
gernika,euskara
airez,euskara
bonbardatu,euskara
zutenapirilaren,euskara
mundu,euskara
osoan,euskara
ezagun,euskara
egin,euskara
zen,euskara
handik,euskara
bi,euskara
tropa,euskara
frankistak,euskara
herrian,euskara
sartu,euskara
familia,euskara
eta,euskara
umezurtz,euskara
iheslariak,euskara
bilbon,euskara
pilatu,euskara
eta,euskara
haur,euskara
ingurusanturtzitikitsasoratu,euskara
zituzten,euskara
barkutan,euskara
nazioarteko,euskara
euskal,euskara
herritar,euskara
inguruk,euskara
erbesteko,euskara
bidea,euskara
hartu,euskara
zuen,euskara
euskal,euskara
herritar,euskara
inguruk,euskara
galdu,euskara
zuten,euskara
eta,euskara
euskal,euskara
preso,euskara
politiko,euskara
etagurseko,euskara
harrera,euskara
kontzentrazio,euskara
esparru,euskara
frontea,euskara
hautsi,euskara
egin,euskara
eta,euskara
bilboekainaren,euskara
izan,euskara
zen,euskara
eta,euskara
eusko,euskara
jaurlaritzakeusko,euskara
gudarostearenkapitulazioa,euskara
hitzartu,euskara
bigarren,euskara
mundu,euskara
gerraeuskal,euskara
herrian,euskara
espainiako,euskara
gerra,euskara
zibilaren,euskara
segida,euskara
izan,euskara
faxismoaren,euskara
goraldiaren,euskara
ibarnegaraidiputatu,euskara
kontserbadore,euskara
baxenabartarrak,euskara
bekozko,euskara
beltza,euskara
jarri,euskara
zien,euskara
gerra,euskara
zibileko,euskara
euskal,euskara
herritar,euskara
eman,euskara
zitzaien,euskara
frantziak,euskara
etahirugarren,euskara
reichakarmistizioa,euskara
sinatu,euskara
etaeuskal,euskara
herri,euskara
kontinentalabi,euskara
eremutan,euskara
zatitu,euskara
eremu,euskara
okupatu,euskara
alemana,euskara
etapetain,euskara
marexalarenerregimen,euskara
peko,euskara
garazibien,euskara
arteko,euskara
lerroan,euskara
ipar,euskara
euskal,euskara
herria,euskara
gerra,euskara
globalaren,euskara
erretagoardia,euskara
bilakatu,euskara
herriko,euskara
kostaldea,euskara
okupatu,euskara
une,euskara
alemanekatlantikwalledoatlantikoko,euskara
harresiaeraikitzen,euskara
hasi,euskara
ziren,euskara
naziek,euskara
frantzia,euskara
kontinental,euskara
osoa,euskara
okupatu,euskara
parisen,euskara
okupazioaren,euskara
eusko,euskara
jaurlaritzak,euskara
bertako,euskara
bere,euskara
egoitza,euskara
presa,euskara
batean,euskara
utzi,euskara
bertan,euskara
dokumentu,euskara
ugari,euskara
alemanek,euskara
dokumentu,euskara
sekretu,euskara
horiek,euskara
agintari,euskara
frankistei,euskara
helarazi,euskara
etaálava,euskara
espioi,euskara
eta,euskara
elkartasun,euskara
sareadesegin,euskara
zuten,euskara
euskal,euskara
euskaldunak,euskara
alde,euskara
bietara,euskara
lerratu,euskara
ibarnegaraikpétainengobernu,euskara
bitan,euskara
parte,euskara
hartu,euskara
bainafrantziako,euskara
erresistentziakokidea,euskara
ere,euskara
izan,euskara
aldizkari,euskara
guztiz,euskara
lerratu,euskara
zenpétainen,euskara
zuen,euskara
hain,euskara
posizio,euskara
oro,euskara
har,euskara
vichyren,euskara
erregimenaren,euskara
neurri,euskara
euskal,euskara
abertzale,euskara
agertu,euskara
bazen,euskara
aireportuaerasotzera,euskara
lagun,euskara
eta,euskara
angelun,euskara
lagun,euskara
hil,euskara
ziren,euskara
aliatuen,euskara
euskal,euskara
iheslariek,euskara
mendiko,euskara
erresistentzia,euskara
antolatu,euskara
okupatzaile,euskara
alemanen,euskara
kontra,euskara
egin,euskara
eta,euskara
francoren,euskara
erregimenaren,euskara
kontra,euskara
alemanak,euskara
euskal,euskara
kostaldetik,euskara
erretiratu,euskara
batailoiaadorez,euskara
borrokatu,euskara
zen,euskara
alemanak,euskara
mundu,euskara
euskaldun,euskara
asko,euskara
engaiatu,euskara
eta,euskara
lagundu,euskara
zutencomète,euskara
iheslari,euskara
herritarreknazio,euskara
batuen,euskara
erakundeasortzen,euskara
lagundu,euskara
etamauthausen,euskara
pairatu,euskara
hego,euskara
euskal,euskara
herrian,euskara
gerran,euskara
autokrazia,euskara
nazionalistabat,euskara
egin,euskara
zen,euskara
boterearen,euskara
jaun,euskara
eta,euskara
francojeneral,euskara
kolpistak,euskara
berrogei,euskara
urte,euskara
iraun,euskara
zuen,euskara
bertan,euskara
behera,euskara
gelditu,euskara
zeneuskadiko,euskara
eta,euskara
eusko,euskara
jaurlaritza,euskara
atzerrian,euskara
antolatu,euskara
baitanafarroako,euskara
kontseilu,euskara
errepublikarraere,euskara
frankistek,euskara
euskal,euskara
foru,euskara
prerrogatiba,euskara
administratiboak,euskara
deuseztatu,euskara
neurri,euskara
milakaeuskal,euskara
herritarpentsaera,euskara
politikoengatik,euskara
torturatuak,euskara
eta,euskara
espetxeratuak,euskara
izan,euskara
asko,euskara
arbitrarioki,euskara
galdu,euskara
zuten,euskara
galarazi,euskara
egin,euskara
zitzaien,euskara
lan,euskara
jabetzak,euskara
kendu,euskara
berehala,euskara
euskal,euskara
identitatea,euskara
suntsitzeko,euskara
neurriak,euskara
hartu,euskara
debekatu,euskara
gizarteko,euskara
arlo,euskara
publiko,euskara
guztietaneuskaranahizeuskal,euskara
kulturaetaeuskal,euskara
erregimenak,euskara
programaekonomiko,euskara
buruaskibat,euskara
jarri,euskara
zuen,euskara
hego,euskara
euskal,euskara
herriko,euskara
industria,euskara
ekoizpenean,euskara
pobrezia,euskara
gorriaren,euskara
etaerrazionamendu,euskara
kartillarengaraiak,euskara
izan,euskara
beldur,euskara
giroaren,euskara
milaka,euskara
pertsona,euskara
elkartu,euskara
zirenaberri,euskara
urte,euskara
erregimenaren,euskara
aurkakolehen,euskara
greba,euskara
egin,euskara
zen,euskara
gipuzkoan,euskara
eta,euskara
bi,euskara
gehiago,euskara
etorri,euskara
ziren,euskara
hurrengo,euskara
deialdiakfrancoren,euskara
diktadurarenbaldintza,euskara
gogorrak,euskara
hobetzea,euskara
egin,euskara
zuen,euskara
aldarri,euskara
estatu,euskara
osorako,euskara
deitua,euskara
euskal,euskara
herriko,euskara
lurralde,euskara
horietan,euskara
izan,euskara
zuen,euskara
benetako,euskara
galtzaileek,euskara
esperantza,euskara
zuten,euskara
bigarren,euskara
mundu,euskara
gerra,euskara
amaiturik,euskara
aliatuek,euskara
diktaduraren,euskara
azkena,euskara
ekarriko,euskara
baten,euskara
francokaebrenbabesa,euskara
eskuratu,euskara
eta,euskara
espainianbekokide,euskara
bihurtu,euskara
zen,euskara
mugimenduhandi,euskara
bat,euskara
hasi,euskara
zen,euskara
espainiako,euskara
hainbat,euskara
lurraldetatik,euskara
euskal,euskara
herri,euskara
eta,euskara
hirietara,euskara
urteen,euskara
bizkai,euskara
eta,euskara
gipuzkoara,euskara
bakarrik,euskara
pertsona,euskara
heldu,euskara
ziren,euskara
lurralde,euskara
horietako,euskara
biztanleria,euskara
egoiliarraren,euskara
lurralde,euskara
horietako,euskara
biztanleriaren,euskara
atzerrira,euskara
emigratu,euskara
zuen,euskara
aldatu,euskara
zen,euskara
hego,euskara
euskal,euskara
herriaren,euskara
kultur,euskara
paisaia,euskara
eta,euskara
prekarietate,euskara
pobrezia,euskara
gorriak,euskara
eta,euskara
errepresioak,euskara
langile,euskara
mugimendua,euskara
elikatu,euskara
berezikiccoosindikatuen,euskara
ziren,euskara
sortzen,euskara
eta,euskara
belaunaldi,euskara
gazteak,euskara
antolatzen,euskara
ari,euskara
euskal,euskara
herriko,euskara
errepresio,euskara
giroarekin,euskara
gazte,euskara
batzuek,euskara
ekin,euskara
mugimendua,euskara
sortu,euskara
etak,euskara
borroka,euskara
armatuari,euskara
heldu,euskara
zion,euskara
poliziak,euskara
erakundeko,euskara
lehen,euskara
kidea,euskara
hil,euskara
eta,euskara
etakmeliton,euskara
erregimenak,euskara
seisalbuespen,euskara
egoeraezarri,euskara
zituen,euskara
franco,euskara
diktadorea,euskara
hil,euskara
arte,euskara
sendotzen,euskara
hasi,euskara
zen,euskara
kulturaren,euskara
santutegiaeuskal,euskara
kulturaren,euskara
erdigune,euskara
garrantzitsu,euskara
bihurtu,euskara
artista,euskara
gazteak,euskara
haren,euskara
eraberritze,euskara
lanetan,euskara
aritu,euskara
ziren,euskara
abangoardia,euskara
krisian,euskara
sartu,euskara
zuten,euskara
euskaldunaren,euskara
ohiko,euskara
identitate,euskara
gazteakez,euskara
dok,euskara
amairu,euskara
mugimenduanelkartu,euskara
etaikastolaksortu,euskara
ziren,euskara
zipitriaaurrendari,euskara
nafarroan,euskara
autonomia,euskara
eratu,euskara
urralburuburu,euskara
zuenpsnkgobernatu,euskara
zuen,euskara
hala,euskara
nafarroanupneta,euskara
ap,euskara
lehendabiziko,euskara
indar,euskara
politikoa,euskara
bilakatu,euskara
etajuan,euskara
cruz,euskara
allinafarroako,euskara
gobernuburua,euskara
izan,euskara
ahal,euskara
zen,euskara
nolanahi,euskara
juan,euskara
cruz,euskara
alli,euskara
bera,euskara
alderdi,euskara
politikotik,euskara
aldenduz,euskara
joan,euskara
batik,euskara
batalfredo,euskara
garaikoiruñekoalkate,euskara
alderdikidearekin,euskara
izandako,euskara
azkenean,euskara
upn,euskara
utzi,euskara
etacdnosatu,euskara
upn,euskara
hauteskundeekaldaketa,euskara
politikoa,euskara
ekarri,euskara
eta,euskara
cdn,euskara
gehieaalderdiekjavier,euskara
otanopresidente,euskara
zuten,euskara
gobernua,euskara
eratu,euskara
gobernu,euskara
ez,euskara
zuen,euskara
luze,euskara
baitzenotano,euskara
auziazela,euskara
izan,euskara
javier,euskara
otano,euskara
sekretuak,euskara
izatea,euskara
leporatu,euskara
javier,euskara
otanok,euskara
dimititu,euskara
eta,euskara
politika,euskara
utzi,euskara
psn,euskara
ohiz,euskara
kanpoko,euskara
biltzarrak,euskara
kudeatzen,euskara
zeinek,euskara
upnri,euskara
aldizko,euskara
laguntzak,euskara
eskaini,euskara
zizkion,euskara
gobernua,euskara
osa,euskara
aurrera,euskara
izan,euskara
du,euskara
boterea,euskara
gobernu,euskara
alternatiboa,euskara
antolatzeko,euskara
gehiengoa,euskara
atera,euskara
arteko,euskara
gobernua,euskara
ez,euskara
zen,euskara
eta,euskara
miguel,euskara
sanzek,euskara
jarraitu,euskara
zuen,euskara
oraingo,euskara
honetan,euskara
psnren,euskara
aldizkako,euskara
upn,euskara
eta,euskara
ppren,euskara
arteko,euskara
bereizketa,euskara
ekarri,euskara
nahiz,euskara
eta,euskara
erkidegoko,euskara
gobernantzan,euskara
inolako,euskara
eraginik,euskara
ez,euskara
estaturik,euskara
gabeko,euskara
